.y.,group1,group2,n1,n2,statistic,p,p.adj,p.adj.signif,biomarker,subset,rank,significant
value,Actinomycetota,Firmicutes,139,122,0.23857942855535502,0.8114317181777242,0.8114317181777242,ns,Bacterial MurA,All bacteria,Phylum,FALSE
value,Actinomycetota,Pseudomonadota,139,161,-12.55261786441656,3.845818100844362e-36,1.1537454302533085e-35,****,Bacterial MurA,All bacteria,Phylum,TRUE
value,Firmicutes,Pseudomonadota,122,161,-12.354635136779532,4.598376988100736e-35,9.196753976201472e-35,****,Bacterial MurA,All bacteria,Phylum,TRUE
value,Actinomycetia,Bacilli,138,109,0.7952747441644665,0.4264537014730445,0.4264537014730445,ns,Bacterial MurA,All bacteria,Class,FALSE
value,Actinomycetia,Gammaproteobacteria,138,150,-12.445649978309227,1.4767726359379565e-35,3.1271793252593805e-35,****,Bacterial MurA,All bacteria,Class,TRUE
value,Bacilli,Gammaproteobacteria,109,150,-12.473430944055306,1.0423931084197935e-35,3.1271793252593805e-35,****,Bacterial MurA,All bacteria,Class,TRUE
value,Agaricomycetes,Dothideomycetes,189,50,1.2074106335933446,0.22727404240956112,1,ns,Fungal GlcN,All fungi,Class,FALSE
value,Agaricomycetes,Eurotiomycetes,189,150,7.295815924349939,2.9685453278508206e-13,5.640236122916559e-12,****,Fungal GlcN,All fungi,Class,TRUE
value,Agaricomycetes,Leotiomycetes,189,47,-4.791467939035773,1.655654801093906e-6,2.3179167215314684e-5,****,Fungal GlcN,All fungi,Class,TRUE
value,Agaricomycetes,Mucoromycetes,189,32,2.91366423446485,0.0035721388377854984,0.028577110702283987,*,Fungal GlcN,All fungi,Class,TRUE
value,Agaricomycetes,Saccharomycetes,189,57,-3.950965269557009,7.783662044663617e-5,7.783662044663618e-4,***,Fungal GlcN,All fungi,Class,TRUE
value,Agaricomycetes,Sordariomycetes,189,192,1.0651510561257125,0.28680757800335815,1,ns,Fungal GlcN,All fungi,Class,FALSE
value,Dothideomycetes,Eurotiomycetes,50,150,3.709688021748455,2.0751479941270151e-4,0.0018676331947143137,**,Fungal GlcN,All fungi,Class,TRUE
value,Dothideomycetes,Leotiomycetes,50,47,-4.789201729777526,1.674460848604794e-6,2.3179167215314684e-5,****,Fungal GlcN,All fungi,Class,TRUE
value,Dothideomycetes,Mucoromycetes,50,32,1.6120842268299431,0.10694361259948161,0.6416616755968897,ns,Fungal GlcN,All fungi,Class,FALSE
value,Dothideomycetes,Saccharomycetes,50,57,-4.0722812842522735,4.6554909189794674e-5,5.121040010877414e-4,***,Fungal GlcN,All fungi,Class,TRUE
value,Dothideomycetes,Sordariomycetes,50,192,-0.5219721486572765,0.6016897224777331,1,ns,Fungal GlcN,All fungi,Class,FALSE
value,Eurotiomycetes,Leotiomycetes,150,47,-9.444675731326345,3.565064521070442e-21,7.486635494247929e-20,****,Fungal GlcN,All fungi,Class,TRUE
value,Eurotiomycetes,Mucoromycetes,150,32,-1.2368319896486195,0.21614946318525652,1,ns,Fungal GlcN,All fungi,Class,FALSE
value,Eurotiomycetes,Saccharomycetes,150,57,-8.964450151570475,3.1183276489090774e-19,6.236655297818155e-18,****,Fungal GlcN,All fungi,Class,TRUE
value,Eurotiomycetes,Sordariomycetes,150,192,-6.319611766924326,2.6222123847793074e-10,4.719982292602753e-9,****,Fungal GlcN,All fungi,Class,TRUE
value,Leotiomycetes,Mucoromycetes,47,32,5.837840550558239,5.2881728276732765e-9,8.98989380704457e-8,****,Fungal GlcN,All fungi,Class,TRUE
value,Leotiomycetes,Saccharomycetes,47,57,0.9336189569800664,0.350500483095765,1,ns,Fungal GlcN,All fungi,Class,FALSE
value,Leotiomycetes,Sordariomycetes,47,192,5.469585444861834,4.5108941724375365e-8,7.217430675900058e-7,****,Fungal GlcN,All fungi,Class,TRUE
value,Mucoromycetes,Saccharomycetes,32,57,-5.224268393108506,1.7484502009710314e-7,2.622675301456547e-6,****,Fungal GlcN,All fungi,Class,TRUE
value,Mucoromycetes,Sordariomycetes,32,192,-2.3453638007136495,0.019008522065560127,0.13305965445892087,ns,Fungal GlcN,All fungi,Class,FALSE
value,Saccharomycetes,Sordariomycetes,57,192,4.681706822419725,2.844961654804088e-6,3.4139539857649056e-5,****,Fungal GlcN,All fungi,Class,TRUE
value,Bacillales,Enterobacterales,74,59,-8.104585243930233,5.292575175079015e-16,1.0055892832650129e-14,****,Bacterial MurA,All bacteria,Order,TRUE
value,Bacillales,Lactobacillales,74,33,-0.36266304190382814,0.7168566110010777,1,ns,Bacterial MurA,All bacteria,Order,FALSE
value,Bacillales,Legionellales,74,26,-5.7225286349405105,1.049501483892992e-8,1.2594017806715903e-7,****,Bacterial MurA,All bacteria,Order,TRUE
value,Bacillales,Micrococcales,74,62,0.26902198147819145,0.7879127672506454,1,ns,Bacterial MurA,All bacteria,Order,FALSE
value,Bacillales,Pseudomonadales,74,38,-6.907337740134387,4.938332803671141e-12,7.435683355245446e-11,****,Bacterial MurA,All bacteria,Order,TRUE
value,Bacillales,Vibrionales,74,24,-9.466040454255026,2.9065285795647218e-21,6.103710017085915e-20,****,Bacterial MurA,All bacteria,Order,TRUE
value,Enterobacterales,Lactobacillales,59,33,6.158114785143314,7.361599305416967e-10,1.0306239027583754e-8,****,Bacterial MurA,All bacteria,Order,TRUE
value,Enterobacterales,Legionellales,59,26,0.4669356089944022,0.6405459476644418,1,ns,Bacterial MurA,All bacteria,Order,FALSE
value,Enterobacterales,Micrococcales,59,62,8.032237931040067,9.571052579048148e-16,1.7227894642286665e-14,****,Bacterial MurA,All bacteria,Order,TRUE
value,Enterobacterales,Pseudomonadales,59,38,0.1731792846708576,0.8625105060494811,1,ns,Bacterial MurA,All bacteria,Order,FALSE
value,Enterobacterales,Vibrionales,59,24,-3.3418202195761744,8.323095010482403e-4,0.007490785509434162,**,Bacterial MurA,All bacteria,Order,TRUE
value,Lactobacillales,Legionellales,33,26,-4.685620195946649,2.791134373393835e-6,2.791134373393835e-5,****,Bacterial MurA,All bacteria,Order,TRUE
value,Lactobacillales,Micrococcales,33,62,0.5672501347558521,0.5705442505224516,1,ns,Bacterial MurA,All bacteria,Order,FALSE
value,Lactobacillales,Pseudomonadales,33,38,-5.474337310381085,4.391518761155771e-8,4.830670637271348e-7,****,Bacterial MurA,All bacteria,Order,TRUE
value,Lactobacillales,Vibrionales,33,24,-8.005699688198947,1.187892987386166e-15,2.019418078556482e-14,****,Bacterial MurA,All bacteria,Order,TRUE
value,Legionellales,Micrococcales,26,62,5.781996362963595,7.38193043499841e-9,9.596509565497933e-8,****,Bacterial MurA,All bacteria,Order,TRUE
value,Legionellales,Pseudomonadales,26,38,-0.29032798886672107,0.7715653284986932,1,ns,Bacterial MurA,All bacteria,Order,FALSE
value,Legionellales,Vibrionales,26,24,-3.2465284384031863,0.0011682177606753017,0.009345742085402413,**,Bacterial MurA,All bacteria,Order,TRUE
value,Micrococcales,Pseudomonadales,62,38,-6.915952469235415,4.6473020970284035e-12,7.435683355245446e-11,****,Bacterial MurA,All bacteria,Order,TRUE
value,Micrococcales,Vibrionales,62,24,-9.442032761366322,3.656164249479317e-21,7.312328498958635e-20,****,Bacterial MurA,All bacteria,Order,TRUE
value,Pseudomonadales,Vibrionales,38,24,-3.241228271578145,0.0011901583864838785,0.009345742085402413,**,Bacterial MurA,All bacteria,Order,TRUE
value,Agaricales,Boletales,94,40,4.736136393898382,2.1783101579414422e-6,1.0020226726530635e-4,***,Fungal GlcN,All fungi,Order,TRUE
value,Agaricales,Eurotiales,94,103,4.490793817314684,7.09582157632444e-6,2.980245062056265e-4,***,Fungal GlcN,All fungi,Order,TRUE
value,Agaricales,Glomerellales,94,24,-1.4672467178734534,0.14230895235462693,1,ns,Fungal GlcN,All fungi,Order,FALSE
value,Agaricales,Heliotales,94,43,-4.700765110405967,2.5918851743652693e-6,1.1663483284643711e-4,***,Fungal GlcN,All fungi,Order,TRUE
value,Agaricales,Hypocreales,94,81,4.4730898500411875,7.709736232463722e-6,3.078396752053019e-4,***,Fungal GlcN,All fungi,Order,TRUE
value,Agaricales,Mucorales,94,32,2.7481751433244135,0.005992798764416776,0.16180556663925297,ns,Fungal GlcN,All fungi,Order,FALSE
value,Agaricales,Onygenales,94,45,6.760737325967813,1.3729123745410557e-11,7.825600534884017e-10,****,Fungal GlcN,All fungi,Order,TRUE
value,Agaricales,Pleosporales,94,42,0.7815112426096693,0.43450186697814175,1,ns,Fungal GlcN,All fungi,Order,FALSE
value,Agaricales,Polyporales,94,25,-1.587017207735661,0.11250874738146707,1,ns,Fungal GlcN,All fungi,Order,FALSE
value,Agaricales,Saccharomycetales,94,58,-3.4955911178294996,4.7301292173431293e-4,0.016555452260700952,*,Fungal GlcN,All fungi,Order,TRUE
value,Agaricales,Sordariales,94,74,-2.4781577598666,0.01320627385781764,0.30374429872980574,ns,Fungal GlcN,All fungi,Order,FALSE
value,Boletales,Eurotiales,40,103,-1.3607550919174003,0.1735910980452954,1,ns,Fungal GlcN,All fungi,Order,FALSE
value,Boletales,Glomerellales,40,24,-4.762438672344791,1.9126733502419164e-6,8.989564746137007e-5,****,Fungal GlcN,All fungi,Order,TRUE
value,Boletales,Heliotales,40,43,-8.009759828495444,1.1493267202219285e-15,7.010892993353764e-14,****,Fungal GlcN,All fungi,Order,TRUE
value,Boletales,Hypocreales,40,81,-1.1174711712995904,0.26379291920370784,1,ns,Fungal GlcN,All fungi,Order,FALSE
value,Boletales,Mucorales,40,32,-1.3982921533768893,0.16202535320174521,1,ns,Fungal GlcN,All fungi,Order,FALSE
value,Boletales,Onygenales,40,45,1.5252988266905705,0.12718458030234692,1,ns,Fungal GlcN,All fungi,Order,FALSE
value,Boletales,Pleosporales,40,42,-3.390429810726716,6.9783121395014e-4,0.02302843006035462,*,Fungal GlcN,All fungi,Order,TRUE
value,Boletales,Polyporales,40,25,-4.907683635528671,9.21583529543113e-7,4.423600941806943e-5,****,Fungal GlcN,All fungi,Order,TRUE
value,Boletales,Saccharomycetales,40,58,-7.190094488063892,6.474649890202291e-13,3.755296936317329e-11,****,Fungal GlcN,All fungi,Order,TRUE
value,Boletales,Sordariales,40,74,-6.5183640161163385,7.107833240548692e-11,3.838229949896294e-9,****,Fungal GlcN,All fungi,Order,TRUE
value,Eurotiales,Glomerellales,103,24,-4.306616572422438,1.657705867754514e-5,6.133511710691702e-4,***,Fungal GlcN,All fungi,Order,TRUE
value,Eurotiales,Heliotales,103,43,-8.294757125655053,1.0880728240239147e-16,6.854858791350663e-15,****,Fungal GlcN,All fungi,Order,TRUE
value,Eurotiales,Hypocreales,103,81,0.25292265644568324,0.8003279812433195,1,ns,Fungal GlcN,All fungi,Order,FALSE
value,Eurotiales,Mucorales,103,32,-0.38600938208420577,0.6994897204095822,1,ns,Fungal GlcN,All fungi,Order,FALSE
value,Eurotiales,Onygenales,103,45,3.2736162937937325,0.0010618068806638125,0.03291601330057819,*,Fungal GlcN,All fungi,Order,TRUE
value,Eurotiales,Pleosporales,103,42,-2.706637473039529,0.006796843472714855,0.16992108681787135,ns,Fungal GlcN,All fungi,Order,FALSE
value,Eurotiales,Polyporales,103,25,-4.4749307226049675,7.643609205178092e-6,3.078396752053019e-4,***,Fungal GlcN,All fungi,Order,TRUE
value,Eurotiales,Saccharomycetales,103,58,-7.457419573952495,8.823338704145938e-14,5.2940032224875626e-12,****,Fungal GlcN,All fungi,Order,TRUE
value,Eurotiales,Sordariales,103,74,-6.730871417469506,1.6864995735375703e-11,9.444397611810392e-10,****,Fungal GlcN,All fungi,Order,TRUE
value,Glomerellales,Heliotales,24,43,-2.079538252687705,0.037567905670675174,0.8264939247548538,ns,Fungal GlcN,All fungi,Order,FALSE
value,Glomerellales,Hypocreales,24,81,4.361792050949936,1.2900145118779495e-5,4.902055145136208e-4,***,Fungal GlcN,All fungi,Order,TRUE
value,Glomerellales,Mucorales,24,32,3.3256282880741197,8.821949206747698e-4,0.028230237461592634,*,Fungal GlcN,All fungi,Order,TRUE
value,Glomerellales,Onygenales,24,45,6.1762089402383475,6.56590827139027e-10,3.4142723011229405e-8,****,Fungal GlcN,All fungi,Order,TRUE
value,Glomerellales,Pleosporales,24,42,1.8782512904329656,0.0603467966004279,1,ns,Fungal GlcN,All fungi,Order,FALSE
value,Glomerellales,Polyporales,24,25,-0.0754525196704791,0.9398546736079013,1,ns,Fungal GlcN,All fungi,Order,FALSE
value,Glomerellales,Saccharomycetales,24,58,-1.0222196498204232,0.30667695259885447,1,ns,Fungal GlcN,All fungi,Order,FALSE
value,Glomerellales,Sordariales,24,74,-0.21099390639001359,0.8328920263207298,1,ns,Fungal GlcN,All fungi,Order,FALSE
value,Heliotales,Hypocreales,43,81,8.180726747136182,2.821370442195998e-16,1.7492496741615188e-14,****,Fungal GlcN,All fungi,Order,TRUE
value,Heliotales,Mucorales,43,32,6.116066851485016,9.59131021055115e-10,4.8915682073810865e-8,****,Fungal GlcN,All fungi,Order,TRUE
value,Heliotales,Onygenales,43,45,9.805023681001664,1.0712187457272073e-22,7.070043721799569e-21,****,Fungal GlcN,All fungi,Order,TRUE
value,Heliotales,Pleosporales,43,42,4.657746146364739,3.196900747224867e-6,1.4066363287789415e-4,***,Fungal GlcN,All fungi,Order,TRUE
value,Heliotales,Polyporales,43,25,2.0210234236194555,0.04327734038931624,0.9088241481756412,ns,Fungal GlcN,All fungi,Order,FALSE
value,Heliotales,Saccharomycetales,43,58,1.4001318693781988,0.16147383317701383,1,ns,Fungal GlcN,All fungi,Order,FALSE
value,Heliotales,Sordariales,43,74,2.5047841404666458,0.012252614564872592,0.2940627495569422,ns,Fungal GlcN,All fungi,Order,FALSE
value,Hypocreales,Mucorales,81,32,-0.5540459703013014,0.579547385213002,1,ns,Fungal GlcN,All fungi,Order,FALSE
value,Hypocreales,Onygenales,81,45,2.944257012480276,0.003237310410433881,0.09711931231301643,ns,Fungal GlcN,All fungi,Order,FALSE
value,Hypocreales,Pleosporales,81,42,-2.8036038943382544,0.005053494773010251,0.14149785364428702,ns,Fungal GlcN,All fungi,Order,FALSE
value,Hypocreales,Polyporales,81,25,-4.52493129938062,6.041512767891378e-6,2.5978504901932924e-4,***,Fungal GlcN,All fungi,Order,TRUE
value,Hypocreales,Saccharomycetales,81,58,-7.33571072843849,2.2054792047514009e-13,1.3012327308033264e-11,****,Fungal GlcN,All fungi,Order,TRUE
value,Hypocreales,Sordariales,81,74,-6.612037948086869,3.7906479022838015e-11,2.0848563462560906e-9,****,Fungal GlcN,All fungi,Order,TRUE
value,Mucorales,Onygenales,32,45,2.8675404954004624,0.004136758605268854,0.11996599955279677,ns,Fungal GlcN,All fungi,Order,FALSE
value,Mucorales,Pleosporales,32,42,-1.7788773403347626,0.07525987384438905,1,ns,Fungal GlcN,All fungi,Order,FALSE
value,Mucorales,Polyporales,32,25,-3.445079661579318,5.708911163283833e-4,0.01941029795516503,*,Fungal GlcN,All fungi,Order,TRUE
value,Mucorales,Saccharomycetales,32,58,-5.20474811663479,1.9425991530552087e-7,9.712995765276043e-6,****,Fungal GlcN,All fungi,Order,TRUE
value,Mucorales,Sordariales,32,74,-4.478745891920776,7.508284761104924e-6,3.078396752053019e-4,***,Fungal GlcN,All fungi,Order,TRUE
value,Onygenales,Pleosporales,45,42,-5.036125478052405,4.750492171601671e-7,2.3277411640848186e-5,****,Fungal GlcN,All fungi,Order,TRUE
value,Onygenales,Polyporales,45,25,-6.3448211324210115,2.2268401870701555e-10,1.1802252991471824e-8,****,Fungal GlcN,All fungi,Order,TRUE
value,Onygenales,Saccharomycetales,45,58,-9.107354884153763,8.441489838442967e-20,5.486968394987929e-18,****,Fungal GlcN,All fungi,Order,TRUE
value,Onygenales,Sordariales,45,74,-8.520346184566375,1.5907710731453034e-17,1.0180934868129942e-15,****,Fungal GlcN,All fungi,Order,TRUE
value,Pleosporales,Polyporales,42,25,-1.9879823807691093,0.04681363863907062,0.9362727727814124,ns,Fungal GlcN,All fungi,Order,FALSE
value,Pleosporales,Saccharomycetales,42,58,-3.5966378172606355,3.223568270633376e-4,0.011604845774280155,*,Fungal GlcN,All fungi,Order,TRUE
value,Pleosporales,Sordariales,42,74,-2.7443015597601037,0.006063980448456362,0.16180556663925297,ns,Fungal GlcN,All fungi,Order,FALSE
value,Polyporales,Saccharomycetales,25,58,-0.94687044821624,0.34370479817099314,1,ns,Fungal GlcN,All fungi,Order,FALSE
value,Polyporales,Sordariales,25,74,-0.1210439814737252,0.9036561991028471,1,ns,Fungal GlcN,All fungi,Order,FALSE
value,Saccharomycetales,Sordariales,58,74,1.1321118506649983,0.25758741324350576,1,ns,Fungal GlcN,All fungi,Order,FALSE
value,Arthrobacter,Bacillus,18,50,-0.9006039041918001,0.3677989580388716,1,ns,Bacterial MurA,All bacteria,Genus,FALSE
value,Arthrobacter,Clostridium,18,13,-2.4452662740329063,0.014474523255331486,0.86847139531988915,ns,Bacterial MurA,All bacteria,Genus,FALSE
value,Arthrobacter,Corynebacterium,18,17,-0.3846192725441833,0.7005195131542085,1,ns,Bacterial MurA,All bacteria,Genus,FALSE
value,Arthrobacter,Enterobacter,18,12,-4.12931315377696,3.638485520713047e-5,0.0027652489957419157,**,Bacterial MurA,All bacteria,Genus,TRUE
value,Arthrobacter,Escherichia,18,16,-5.702603075599119,1.1799151705903691e-8,1.1209194120608507e-6,****,Bacterial MurA,All bacteria,Genus,TRUE
value,Arthrobacter,Frankia,18,12,-2.355087409338879,0.01851834908179092,1,ns,Bacterial MurA,All bacteria,Genus,FALSE
value,Arthrobacter,Legionella,18,19,-5.105463741767965,3.29984258609928e-7,2.8048661981843883e-5,****,Bacterial MurA,All bacteria,Genus,TRUE
value,Arthrobacter,Micrococcus,18,38,-0.44638699642722923,0.6553177242664125,1,ns,Bacterial MurA,All bacteria,Genus,FALSE
value,Arthrobacter,Mycobacterium,18,16,-1.642449677549639,0.10049684689885834,1,ns,Bacterial MurA,All bacteria,Genus,FALSE
value,Arthrobacter,Pseudomonas,18,37,-5.577596797188692,2.4386409114092435e-8,2.2679360476105963e-6,****,Bacterial MurA,All bacteria,Genus,TRUE
value,Arthrobacter,Staphylococcus,18,22,-0.36369187451553714,0.7160881116429447,1,ns,Bacterial MurA,All bacteria,Genus,FALSE
value,Arthrobacter,Streptococcus,18,23,-0.8538754364473281,0.39317401101146454,1,ns,Bacterial MurA,All bacteria,Genus,FALSE
value,Arthrobacter,Streptomyces,18,13,-1.1039664365591582,0.2696076973771882,1,ns,Bacterial MurA,All bacteria,Genus,FALSE
value,Arthrobacter,Vibrio,18,24,-7.4426618648038465,9.867643554485162e-14,1.0064996425574865e-11,****,Bacterial MurA,All bacteria,Genus,TRUE
value,Bacillus,Clostridium,50,13,-2.0636532360992286,0.03905060619125048,1,ns,Bacterial MurA,All bacteria,Genus,FALSE
value,Bacillus,Corynebacterium,50,17,0.41842199188789153,0.6756386102316598,1,ns,Bacterial MurA,All bacteria,Genus,FALSE
value,Bacillus,Enterobacter,50,12,-4.0172083657563755,5.889164854627609e-5,0.004357981992424431,**,Bacterial MurA,All bacteria,Genus,TRUE
value,Bacillus,Escherichia,50,16,-5.959782628820811,2.5257367562404133e-9,2.424707285990797e-7,****,Bacterial MurA,All bacteria,Genus,TRUE
value,Bacillus,Frankia,50,12,-1.9602646468689306,0.04996486589199075,1,ns,Bacterial MurA,All bacteria,Genus,FALSE
value,Bacillus,Legionella,50,19,-5.3124828942924385,1.0814158050396271e-7,9.516459084348719e-6,****,Bacterial MurA,All bacteria,Genus,TRUE
value,Bacillus,Micrococcus,50,38,0.5567877530049726,0.5776724524177118,1,ns,Bacterial MurA,All bacteria,Genus,FALSE
value,Bacillus,Mycobacterium,50,16,-1.102887988791911,0.2700758109225535,1,ns,Bacterial MurA,All bacteria,Genus,FALSE
value,Bacillus,Pseudomonas,50,37,-6.249699158614707,4.112440410301877e-10,4.030191602095839e-8,****,Bacterial MurA,All bacteria,Genus,TRUE
value,Bacillus,Staphylococcus,50,22,0.5158029474256226,0.6059920437778864,1,ns,Bacterial MurA,All bacteria,Genus,FALSE
value,Bacillus,Streptococcus,50,23,-0.08398202316308033,0.9330707247067489,1,ns,Bacterial MurA,All bacteria,Genus,FALSE
value,Bacillus,Streptomyces,50,13,-0.4955119331135446,0.6202388007295526,1,ns,Bacterial MurA,All bacteria,Genus,FALSE
value,Bacillus,Vibrio,50,24,-8.348262757397102,6.92743260016919e-17,7.204529904175959e-15,****,Bacterial MurA,All bacteria,Genus,TRUE
value,Clostridium,Corynebacterium,13,17,2.0626002378289594,0.0391506251445357,1,ns,Bacterial MurA,All bacteria,Genus,FALSE
value,Clostridium,Enterobacter,13,12,-1.620915623497443,0.1050357356855157,1,ns,Bacterial MurA,All bacteria,Genus,FALSE
value,Clostridium,Escherichia,13,16,-2.8638676330232493,0.004185028563567069,0.2720268566318595,ns,Bacterial MurA,All bacteria,Genus,FALSE
value,Clostridium,Frankia,13,12,0.030798655647090747,0.9754301125509937,1,ns,Bacterial MurA,All bacteria,Genus,FALSE
value,Clostridium,Legionella,13,19,-2.192775265097096,0.02832357489336422,1,ns,Bacterial MurA,All bacteria,Genus,FALSE
value,Clostridium,Micrococcus,13,38,2.3724681263048417,0.01766968760877849,1,ns,Bacterial MurA,All bacteria,Genus,FALSE
value,Clostridium,Mycobacterium,13,16,0.8722309329294438,0.38308240761523366,1,ns,Bacterial MurA,All bacteria,Genus,FALSE
value,Clostridium,Pseudomonas,13,37,-2.2109092362491656,0.027042122955591445,1,ns,Bacterial MurA,All bacteria,Genus,FALSE
value,Clostridium,Staphylococcus,13,22,2.2137623972222324,0.0268451280521983,1,ns,Bacterial MurA,All bacteria,Genus,FALSE
value,Clostridium,Streptococcus,13,23,1.7905672631734406,0.07336276433409741,1,ns,Bacterial MurA,All bacteria,Genus,FALSE
value,Clostridium,Streptomyces,13,13,1.2446735724926727,0.2132517640947371,1,ns,Bacterial MurA,All bacteria,Genus,FALSE
value,Clostridium,Vibrio,13,24,-4.154382570615597,3.261670691804038e-5,0.002511486432689109,**,Bacterial MurA,All bacteria,Genus,TRUE
value,Corynebacterium,Enterobacter,17,12,-3.736572759961553,1.865454871781954e-4,0.013244729589651873,*,Bacterial MurA,All bacteria,Genus,TRUE
value,Corynebacterium,Escherichia,17,16,-5.251826607681113,1.5059820041575934e-7,1.3102043436171063e-5,****,Bacterial MurA,All bacteria,Genus,TRUE
value,Corynebacterium,Frankia,17,12,-1.9828589851682408,0.04738318314118901,1,ns,Bacterial MurA,All bacteria,Genus,FALSE
value,Corynebacterium,Legionella,17,19,-4.640426498716248,3.4769083007335527e-6,2.8162957235941776e-4,***,Bacterial MurA,All bacteria,Genus,TRUE
value,Corynebacterium,Micrococcus,17,38,0.008063032187395432,0.9935667008119606,1,ns,Bacterial MurA,All bacteria,Genus,FALSE
value,Corynebacterium,Mycobacterium,17,16,-1.2467286850140291,0.21249699718427661,1,ns,Bacterial MurA,All bacteria,Genus,FALSE
value,Corynebacterium,Pseudomonas,17,37,-5.026460181978464,4.996161616156336e-7,4.196775757571322e-5,****,Bacterial MurA,All bacteria,Genus,TRUE
value,Corynebacterium,Staphylococcus,17,22,0.044869417704156506,0.9642113934204237,1,ns,Bacterial MurA,All bacteria,Genus,FALSE
value,Corynebacterium,Streptococcus,17,23,-0.43343716756592343,0.6646972037089132,1,ns,Bacterial MurA,All bacteria,Genus,FALSE
value,Corynebacterium,Streptomyces,17,13,-0.7375440343656637,0.4607915751400384,1,ns,Bacterial MurA,All bacteria,Genus,FALSE
value,Corynebacterium,Vibrio,17,24,-6.910304023655995,4.836161205311028e-12,4.836161205311028e-10,****,Bacterial MurA,All bacteria,Genus,TRUE
value,Enterobacter,Escherichia,12,16,-1.1010369130972482,0.2708805919799004,1,ns,Bacterial MurA,All bacteria,Genus,FALSE
value,Enterobacter,Frankia,12,12,1.6196391038918878,0.10530982444275287,1,ns,Bacterial MurA,All bacteria,Genus,FALSE
value,Enterobacter,Legionella,12,19,-0.3806954172844819,0.703429269748387,1,ns,Bacterial MurA,All bacteria,Genus,FALSE
value,Enterobacter,Micrococcus,12,38,4.261666173857584,2.0290839062749555e-5,0.0016029762859572148,**,Bacterial MurA,All bacteria,Genus,TRUE
value,Enterobacter,Mycobacterium,12,16,2.552026872580119,0.01070982580265885,0.6532993739621898,ns,Bacterial MurA,All bacteria,Genus,FALSE
value,Enterobacter,Pseudomonas,12,37,-0.19247188951978264,0.8473725851484487,1,ns,Bacterial MurA,All bacteria,Genus,FALSE
value,Enterobacter,Staphylococcus,12,22,3.9660996210016797,7.305833658849808e-5,0.00533325857096036,**,Bacterial MurA,All bacteria,Genus,TRUE
value,Enterobacter,Streptococcus,12,23,3.566893230970047,3.6123857529595877e-4,0.024925461695421154,*,Bacterial MurA,All bacteria,Genus,TRUE
value,Enterobacter,Streptomyces,12,13,2.8404416830710817,0.004505110924669455,0.28832709917884514,ns,Bacterial MurA,All bacteria,Genus,FALSE
value,Enterobacter,Vibrio,12,24,-2.211132549528964,0.027026659530116744,1,ns,Bacterial MurA,All bacteria,Genus,FALSE
value,Escherichia,Frankia,16,12,2.8325039465215367,0.004618499605936378,0.29096547517399185,ns,Bacterial MurA,All bacteria,Genus,FALSE
value,Escherichia,Legionella,16,19,0.8254682351493193,0.4091058094462206,1,ns,Bacterial MurA,All bacteria,Genus,FALSE
value,Escherichia,Micrococcus,16,38,6.146048761990329,7.943687235180955e-10,7.705376618125526e-8,****,Bacterial MurA,All bacteria,Genus,TRUE
value,Escherichia,Mycobacterium,16,16,3.945759858286533,7.954730847168917e-5,0.00572740620996162,**,Bacterial MurA,All bacteria,Genus,TRUE
value,Escherichia,Pseudomonas,16,37,1.1915525304224441,0.23343674752095847,1,ns,Bacterial MurA,All bacteria,Genus,FALSE
value,Escherichia,Staphylococcus,16,22,5.611627034088377,2.004330671852594e-8,1.8840708315414383e-6,****,Bacterial MurA,All bacteria,Genus,TRUE
value,Escherichia,Streptococcus,16,23,5.19334750032422,2.065461379880235e-7,1.776296786697002e-5,****,Bacterial MurA,All bacteria,Genus,TRUE
value,Escherichia,Streptomyces,16,13,4.171336808053491,3.0281788634530683e-5,0.0023619795134933934,**,Bacterial MurA,All bacteria,Genus,TRUE
value,Escherichia,Vibrio,16,24,-1.1194099056176379,0.2629653069985777,1,ns,Bacterial MurA,All bacteria,Genus,FALSE
value,Frankia,Legionella,12,19,-2.1738973779207034,0.02971284302010209,1,ns,Bacterial MurA,All bacteria,Genus,FALSE
value,Frankia,Micrococcus,12,38,2.264840979500129,0.023522439681257817,1,ns,Bacterial MurA,All bacteria,Genus,FALSE
value,Frankia,Mycobacterium,12,16,0.8205598391558305,0.41189703140401857,1,ns,Bacterial MurA,All bacteria,Genus,FALSE
value,Frankia,Pseudomonas,12,37,-2.1828522305054205,0.029046693853079546,1,ns,Bacterial MurA,All bacteria,Genus,FALSE
value,Frankia,Staphylococcus,12,22,2.1236096467161496,0.033702798227512,1,ns,Bacterial MurA,All bacteria,Genus,FALSE
value,Frankia,Streptococcus,12,23,1.7101016968956453,0.08724706906948447,1,ns,Bacterial MurA,All bacteria,Genus,FALSE
value,Frankia,Streptomyces,12,13,1.188727403926548,0.2345469532681898,1,ns,Bacterial MurA,All bacteria,Genus,FALSE
value,Frankia,Vibrio,12,24,-4.0813306947730155,4.477859008179209e-5,0.0033583942561344064,**,Bacterial MurA,All bacteria,Genus,TRUE
value,Legionella,Micrococcus,19,38,5.522021536696415,3.3512139990089715e-8,3.0160925991080744e-6,****,Bacterial MurA,All bacteria,Genus,TRUE
value,Legionella,Mycobacterium,19,16,3.2859194091245825,0.001016500884441319,0.06708905837312706,ns,Bacterial MurA,All bacteria,Genus,FALSE
value,Legionella,Pseudomonas,19,37,0.2708178467328278,0.786531132935825,1,ns,Bacterial MurA,All bacteria,Genus,FALSE
value,Legionella,Staphylococcus,19,22,4.992833320349673,5.949990421050867e-7,4.8789921452617106e-5,****,Bacterial MurA,All bacteria,Genus,TRUE
value,Legionella,Streptococcus,19,23,4.549986607537838,5.36493300601391e-6,4.291946404811128e-4,***,Bacterial MurA,All bacteria,Genus,TRUE
value,Legionella,Streptomyces,19,13,3.549126845144923,3.8651084617515497e-4,0.026282737539910537,*,Bacterial MurA,All bacteria,Genus,TRUE
value,Legionella,Vibrio,19,24,-2.088633526540216,0.03674072480293395,1,ns,Bacterial MurA,All bacteria,Genus,FALSE
value,Micrococcus,Mycobacterium,38,16,-1.4650280096959638,0.14291327600648293,1,ns,Bacterial MurA,All bacteria,Genus,FALSE
value,Micrococcus,Pseudomonas,38,37,-6.386884263730513,1.6929966951827486e-10,1.676066728230921e-8,****,Bacterial MurA,All bacteria,Genus,TRUE
value,Micrococcus,Staphylococcus,38,22,0.04530275237134716,0.9638659936175741,1,ns,Bacterial MurA,All bacteria,Genus,FALSE
value,Micrococcus,Streptococcus,38,23,-0.5336628099064167,0.5935748439441034,1,ns,Bacterial MurA,All bacteria,Genus,FALSE
value,Micrococcus,Streptomyces,38,13,-0.8530504427201256,0.3936313317263808,1,ns,Bacterial MurA,All bacteria,Genus,FALSE
value,Micrococcus,Vibrio,38,24,-8.410595729029717,4.079334684828011e-17,4.283301419069411e-15,****,Bacterial MurA,All bacteria,Genus,TRUE
value,Mycobacterium,Pseudomonas,16,37,-3.470837219572838,5.188384190814153e-4,0.034762174078454826,*,Bacterial MurA,All bacteria,Genus,TRUE
value,Mycobacterium,Staphylococcus,16,22,1.3657717244095002,0.17201062392549377,1,ns,Bacterial MurA,All bacteria,Genus,FALSE
value,Mycobacterium,Streptococcus,16,23,0.9080866563764494,0.36383243979662017,1,ns,Bacterial MurA,All bacteria,Genus,FALSE
value,Mycobacterium,Streptomyces,16,13,0.4352382421007974,0.663389506980185,1,ns,Bacterial MurA,All bacteria,Genus,FALSE
value,Mycobacterium,Vibrio,16,24,-5.441773267381482,5.275279182981273e-8,4.6949984728533335e-6,****,Bacterial MurA,All bacteria,Genus,TRUE
value,Pseudomonas,Staphylococcus,37,22,5.524230240865328,3.309332608334415e-8,3.011492673584318e-6,****,Bacterial MurA,All bacteria,Genus,TRUE
value,Pseudomonas,Streptococcus,37,23,5.0244464544270695,5.048866355261088e-7,4.196775757571322e-5,****,Bacterial MurA,All bacteria,Genus,TRUE
value,Pseudomonas,Streptomyces,37,13,3.7251199900913368,1.9522233931067073e-4,0.013665563751746952,*,Bacterial MurA,All bacteria,Genus,TRUE
value,Pseudomonas,Vibrio,37,24,-2.7387539880759832,0.006167250282624849,0.3823695175227406,ns,Bacterial MurA,All bacteria,Genus,FALSE
value,Staphylococcus,Streptococcus,22,23,-0.5134621534631187,0.6076280782690282,1,ns,Bacterial MurA,All bacteria,Genus,FALSE
value,Staphylococcus,Streptomyces,22,13,-0.8182047381716739,0.41324029008223645,1,ns,Bacterial MurA,All bacteria,Genus,FALSE
value,Staphylococcus,Vibrio,22,24,-7.470680605987006,7.978108734117106e-14,8.217451996140619e-12,****,Bacterial MurA,All bacteria,Genus,TRUE
value,Streptococcus,Streptomyces,23,13,-0.38360278151999117,0.7012728781051769,1,ns,Bacterial MurA,All bacteria,Genus,FALSE
value,Streptococcus,Vibrio,23,24,-7.032124437810523,2.034122587296512e-12,2.0544638131694772e-10,****,Bacterial MurA,All bacteria,Genus,TRUE
value,Streptomyces,Vibrio,13,24,-5.572052818735495,2.517550635574064e-8,2.316146584728139e-6,****,Bacterial MurA,All bacteria,Genus,TRUE
value,Agaricus,Alternaria,11,18,-2.4369290841069526,0.014812583990517863,1,ns,Fungal GlcN,All fungi,Genus,FALSE
value,Agaricus,Aspergillus,11,69,-0.8328165394585688,0.4049482053274159,1,ns,Fungal GlcN,All fungi,Genus,FALSE
value,Agaricus,Blastomyces,11,14,1.3264007287081343,0.18470699755794767,1,ns,Fungal GlcN,All fungi,Genus,FALSE
value,Agaricus,Candida,11,15,-3.6208814350642156,2.936010490045603e-4,0.03317691853751531,*,Fungal GlcN,All fungi,Genus,TRUE
value,Agaricus,Colletotrichum,11,16,-2.878316990050187,0.00399803179766659,0.38326635714650703,ns,Fungal GlcN,All fungi,Genus,FALSE
value,Agaricus,Fusarium,11,47,-1.1488477989135224,0.25061874569663883,1,ns,Fungal GlcN,All fungi,Genus,FALSE
value,Agaricus,Geotrichum,11,17,-3.2708139608542353,0.0010723843208195775,0.11260035368605564,ns,Fungal GlcN,All fungi,Genus,FALSE
value,Agaricus,Hebeloma,11,29,-0.6804255483451583,0.4962350487215119,1,ns,Fungal GlcN,All fungi,Genus,FALSE
value,Agaricus,Helicodendron,11,31,-5.283847936535555,1.264982643094455e-7,1.859524485348849e-5,****,Fungal GlcN,All fungi,Genus,TRUE
value,Agaricus,Histoplasma,11,15,0.862272199181007,0.38853774744051883,1,ns,Fungal GlcN,All fungi,Genus,FALSE
value,Agaricus,Morchella,11,14,-2.805968606171143,0.005016557958406775,0.4665398901318301,ns,Fungal GlcN,All fungi,Genus,FALSE
value,Agaricus,Neurospora,11,72,-4.012725162554523,6.002178154231677e-5,0.00726263556662033,**,Fungal GlcN,All fungi,Genus,TRUE
value,Agaricus,Penicillium,11,16,-0.41590420269854395,0.6774801040774912,1,ns,Fungal GlcN,All fungi,Genus,FALSE
value,Agaricus,Pisolithus,11,17,0.3094546136862287,0.7569757318974452,1,ns,Fungal GlcN,All fungi,Genus,FALSE
value,Agaricus,Rhizopus,11,19,-1.16934001539137,0.24226666707575112,1,ns,Fungal GlcN,All fungi,Genus,FALSE
value,Agaricus,Russula,11,13,-5.152593988910713,2.569077833761392e-7,3.622399745603563e-5,****,Fungal GlcN,All fungi,Genus,TRUE
value,Agaricus,Saccharomyces,11,34,-4.492254701675308,7.047306829871032e-6,9.161498878832342e-4,***,Fungal GlcN,All fungi,Genus,TRUE
value,Agaricus,Trichoderma,11,12,0.7587002271884234,0.44803190097453865,1,ns,Fungal GlcN,All fungi,Genus,FALSE
value,Alternaria,Aspergillus,18,69,2.502208372215844,0.012342126007632471,1,ns,Fungal GlcN,All fungi,Genus,FALSE
value,Alternaria,Blastomyces,18,14,4.116904178003767,3.839956287472766e-5,0.004838344922215685,**,Fungal GlcN,All fungi,Genus,TRUE
value,Alternaria,Candida,18,15,-1.4436620527949404,0.14883406063461105,1,ns,Fungal GlcN,All fungi,Genus,FALSE
value,Alternaria,Colletotrichum,18,16,-0.5667597812825723,0.5708773988551797,1,ns,Fungal GlcN,All fungi,Genus,FALSE
value,Alternaria,Fusarium,18,47,1.9764091951852274,0.048108450958492484,1,ns,Fungal GlcN,All fungi,Genus,FALSE
value,Alternaria,Geotrichum,18,17,-0.9846885549118672,0.3247770762639684,1,ns,Fungal GlcN,All fungi,Genus,FALSE
value,Alternaria,Hebeloma,18,29,2.3051303437382584,0.021159274534067695,1,ns,Fungal GlcN,All fungi,Genus,FALSE
value,Alternaria,Helicodendron,18,31,-3.110500997396812,0.001867702649685728,0.18931993279520695,ns,Fungal GlcN,All fungi,Genus,FALSE
value,Alternaria,Histoplasma,18,15,3.6467534876366816,2.6557448026994976e-4,0.03027549075077427,*,Fungal GlcN,All fungi,Genus,TRUE
value,Alternaria,Morchella,18,14,-0.5554317011888691,0.5785994141285961,1,ns,Fungal GlcN,All fungi,Genus,FALSE
value,Alternaria,Neurospora,18,72,-1.390353373136523,0.1644215978546259,1,ns,Fungal GlcN,All fungi,Genus,FALSE
value,Alternaria,Penicillium,18,16,2.2402452516624667,0.025075005376473874,1,ns,Fungal GlcN,All fungi,Genus,FALSE
value,Alternaria,Pisolithus,18,17,3.111694019419305,0.0018601719331833154,0.18931993279520695,ns,Fungal GlcN,All fungi,Genus,FALSE
value,Alternaria,Rhizopus,18,19,1.4885307645314956,0.13661097511738998,1,ns,Fungal GlcN,All fungi,Genus,FALSE
value,Alternaria,Russula,18,13,-3.2371629557955734,0.001207244529316864,0.12555343104895386,ns,Fungal GlcN,All fungi,Genus,FALSE
value,Alternaria,Saccharomyces,18,34,-2.1462437504682343,0.031853536725615264,1,ns,Fungal GlcN,All fungi,Genus,FALSE
value,Alternaria,Trichoderma,18,12,3.3523019151743645,8.014256880111749e-4,0.08582906719570678,ns,Fungal GlcN,All fungi,Genus,FALSE
value,Aspergillus,Blastomyces,69,14,2.745606117518774,0.006039923046985016,0.5496329972756364,ns,Fungal GlcN,All fungi,Genus,FALSE
value,Aspergillus,Candida,69,15,-4.096247012019121,4.1990189325084076e-5,0.0052067834763104255,**,Fungal GlcN,All fungi,Genus,TRUE
value,Aspergillus,Colletotrichum,69,16,-3.0885038638282407,0.0020116707770435035,0.19915540692730685,ns,Fungal GlcN,All fungi,Genus,FALSE
value,Aspergillus,Fusarium,69,47,-0.6049732085309569,0.5451967982885775,1,ns,Fungal GlcN,All fungi,Genus,FALSE
value,Aspergillus,Geotrichum,69,17,-3.6757125939172695,2.3718642860079284e-4,0.027276439289091178,*,Fungal GlcN,All fungi,Genus,TRUE
value,Aspergillus,Hebeloma,69,29,0.1330105227873241,0.8941850584668657,1,ns,Fungal GlcN,All fungi,Genus,FALSE
value,Aspergillus,Helicodendron,69,31,-7.325877064308652,2.373412926405901e-13,4.034801974890032e-11,****,Fungal GlcN,All fungi,Genus,TRUE
value,Aspergillus,Histoplasma,69,15,2.1505710278435135,0.03151007415018517,1,ns,Fungal GlcN,All fungi,Genus,FALSE
value,Aspergillus,Morchella,69,14,-2.9345240866780467,0.0033405962442472005,0.32403783569197847,ns,Fungal GlcN,All fungi,Genus,FALSE
value,Aspergillus,Neurospora,69,72,-6.1058338315838325,1.0226536210935553e-9,1.6157927213278173e-7,****,Fungal GlcN,All fungi,Genus,TRUE
value,Aspergillus,Penicillium,69,16,0.3873497662364849,0.6984972873442483,1,ns,Fungal GlcN,All fungi,Genus,FALSE
value,Aspergillus,Pisolithus,69,17,1.4407947213304941,0.149642685194424,1,ns,Fungal GlcN,All fungi,Genus,FALSE
value,Aspergillus,Rhizopus,69,19,-0.6663707446550379,0.5051741571344622,1,ns,Fungal GlcN,All fungi,Genus,FALSE
value,Aspergillus,Russula,69,13,-6.087307738779968,1.1482513462226535e-9,1.802754613569566e-7,****,Fungal GlcN,All fungi,Genus,TRUE
value,Aspergillus,Saccharomyces,69,34,-6.146315652792536,7.930339240819261e-10,1.2688542785310819e-7,****,Fungal GlcN,All fungi,Genus,TRUE
value,Aspergillus,Trichoderma,69,12,1.8770202001337895,0.06051532533868051,1,ns,Fungal GlcN,All fungi,Genus,FALSE
value,Blastomyces,Candida,14,15,-5.305970006632583,1.1207538662723033e-7,1.658715722083009e-5,****,Fungal GlcN,All fungi,Genus,TRUE
value,Blastomyces,Colletotrichum,14,16,-4.5408640974420384,5.602413753479915e-6,7.451210292128286e-4,***,Fungal GlcN,All fungi,Genus,TRUE
value,Blastomyces,Fusarium,14,47,-3.0190261196880366,0.00253588667335205,0.2485168939885009,ns,Fungal GlcN,All fungi,Genus,FALSE
value,Blastomyces,Geotrichum,14,17,-4.987671382080657,6.111140115744851e-7,8.555596162042792e-5,****,Fungal GlcN,All fungi,Genus,TRUE
value,Blastomyces,Hebeloma,14,29,-2.3825132509496556,0.017194913131632426,1,ns,Fungal GlcN,All fungi,Genus,FALSE
value,Blastomyces,Helicodendron,14,31,-7.418532869884939,1.184247894635376e-13,2.025063899826493e-11,****,Fungal GlcN,All fungi,Genus,TRUE
value,Blastomyces,Histoplasma,14,15,-0.5170346765601154,0.6051319523734193,1,ns,Fungal GlcN,All fungi,Genus,FALSE
value,Blastomyces,Morchella,14,14,-4.405120512211097,1.0572508490148774e-5,0.0013638535952291918,**,Fungal GlcN,All fungi,Genus,TRUE
value,Blastomyces,Neurospora,14,72,-6.276944077121757,3.4529220508930165e-10,5.5937337224466866e-8,****,Fungal GlcN,All fungi,Genus,TRUE
value,Blastomyces,Penicillium,14,16,-1.905444398850933,0.05672232849656778,1,ns,Fungal GlcN,All fungi,Genus,FALSE
value,Blastomyces,Pisolithus,14,17,-1.1489954427514526,0.25055785982985584,1,ns,Fungal GlcN,All fungi,Genus,FALSE
value,Blastomyces,Rhizopus,14,19,-2.775090376684912,0.005518636969091117,0.5077146011563828,ns,Fungal GlcN,All fungi,Genus,FALSE
value,Blastomyces,Russula,14,13,-6.867980755414069,6.5117002801532984e-12,1.0939656470657542e-9,****,Fungal GlcN,All fungi,Genus,TRUE
value,Blastomyces,Saccharomyces,14,34,-6.5899530419528976,4.399657075047591e-11,7.347427315329477e-9,****,Fungal GlcN,All fungi,Genus,TRUE
value,Blastomyces,Trichoderma,14,12,-0.5534415395762743,0.5799611011634953,1,ns,Fungal GlcN,All fungi,Genus,FALSE
value,Candida,Colletotrichum,15,16,0.8624828599226658,0.38842186107247284,1,ns,Fungal GlcN,All fungi,Genus,FALSE
value,Candida,Fusarium,15,47,3.5492618173364026,3.863127718177069e-4,0.04288071767176547,*,Fungal GlcN,All fungi,Genus,TRUE
value,Candida,Geotrichum,15,17,0.48465498605813806,0.6279211022055162,1,ns,Fungal GlcN,All fungi,Genus,FALSE
value,Candida,Hebeloma,15,29,3.76177491550856,1.6871184442638644e-4,0.019739285797887213,*,Fungal GlcN,All fungi,Genus,TRUE
value,Candida,Helicodendron,15,31,-1.32593645069508,0.18486074797648508,1,ns,Fungal GlcN,All fungi,Genus,FALSE
value,Candida,Histoplasma,15,15,4.873701828153365,1.0952626128583798e-6,1.511462405744564e-4,***,Fungal GlcN,All fungi,Genus,TRUE
value,Candida,Morchella,15,14,0.8255428340599505,0.4090634748403297,1,ns,Fungal GlcN,All fungi,Genus,FALSE
value,Candida,Neurospora,15,72,0.48733955871333584,0.6260177183116922,1,ns,Fungal GlcN,All fungi,Genus,FALSE
value,Candida,Penicillium,15,16,3.546042057001783,3.910637889286891e-4,0.043017016782155804,*,Fungal GlcN,All fungi,Genus,TRUE
value,Candida,Pisolithus,15,17,4.395484824052026,1.1052578611034716e-5,0.0014147300622124436,**,Fungal GlcN,All fungi,Genus,TRUE
value,Candida,Rhizopus,15,19,2.878764934365847,0.003992357886942782,0.38326635714650703,ns,Fungal GlcN,All fungi,Genus,FALSE
value,Candida,Russula,15,13,-1.777471712099234,0.07549066105667154,1,ns,Fungal GlcN,All fungi,Genus,FALSE
value,Candida,Saccharomyces,15,34,-0.39005472003830405,0.696496084333736,1,ns,Fungal GlcN,All fungi,Genus,FALSE
value,Candida,Trichoderma,15,12,4.52890579524266,5.928992408085659e-6,7.766980054592213e-4,***,Fungal GlcN,All fungi,Genus,TRUE
value,Colletotrichum,Fusarium,16,47,2.5655148770980993,0.010302280329563731,0.8653915476833534,ns,Fungal GlcN,All fungi,Genus,FALSE
value,Colletotrichum,Geotrichum,16,17,-0.3970174458176218,0.6913545957330588,1,ns,Fungal GlcN,All fungi,Genus,FALSE
value,Colletotrichum,Hebeloma,16,29,2.8463776433036156,0.0044219719269653355,0.4156653611347415,ns,Fungal GlcN,All fungi,Genus,FALSE
value,Colletotrichum,Helicodendron,16,31,-2.3617471354903166,0.018189043971797863,1,ns,Fungal GlcN,All fungi,Genus,FALSE
value,Colletotrichum,Histoplasma,16,15,4.089203149169638,4.328576342149243e-5,0.005324148900843569,**,Fungal GlcN,All fungi,Genus,TRUE
value,Colletotrichum,Morchella,16,14,-0.008724804379364456,0.99303870160803,1,ns,Fungal GlcN,All fungi,Genus,FALSE
value,Colletotrichum,Neurospora,16,72,-0.6210750685514351,0.5345502322603897,1,ns,Fungal GlcN,All fungi,Genus,FALSE
value,Colletotrichum,Penicillium,16,16,2.7279185526151952,0.006373534275033821,0.5672445504780101,ns,Fungal GlcN,All fungi,Genus,FALSE
value,Colletotrichum,Pisolithus,16,17,3.5804011605104558,3.4306709840091146e-4,0.038423515020902084,*,Fungal GlcN,All fungi,Genus,TRUE
value,Colletotrichum,Rhizopus,16,19,2.016852008694037,0.043710959574167894,1,ns,Fungal GlcN,All fungi,Genus,FALSE
value,Colletotrichum,Russula,16,13,-2.63398954096068,0.008438808737681207,0.7257375514405838,ns,Fungal GlcN,All fungi,Genus,FALSE
value,Colletotrichum,Saccharomyces,16,34,-1.4212434190683803,0.15524600610697342,1,ns,Fungal GlcN,All fungi,Genus,FALSE
value,Colletotrichum,Trichoderma,16,12,3.781445528225415,1.5592034198418767e-4,0.018398600354134147,*,Fungal GlcN,All fungi,Genus,TRUE
value,Fusarium,Geotrichum,47,17,-3.1123444826967077,0.001856077772502029,0.18931993279520695,ns,Fungal GlcN,All fungi,Genus,FALSE
value,Fusarium,Hebeloma,47,29,0.6092005118100784,0.5423915411216644,1,ns,Fungal GlcN,All fungi,Genus,FALSE
value,Fusarium,Helicodendron,47,31,-6.351488138862302,2.1324186050314242e-10,3.475842326201222e-8,****,Fungal GlcN,All fungi,Genus,TRUE
value,Fusarium,Histoplasma,47,15,2.45178531429535,0.014214944367588987,1,ns,Fungal GlcN,All fungi,Genus,FALSE
value,Fusarium,Morchella,47,14,-2.4493301717664444,0.01431221852662437,1,ns,Fungal GlcN,All fungi,Genus,FALSE
value,Fusarium,Neurospora,47,72,-4.875218426373557,1.0868812508327508e-6,1.5107649386575237e-4,***,Fungal GlcN,All fungi,Genus,TRUE
value,Fusarium,Penicillium,47,16,0.7666390218420895,0.44329616793519305,1,ns,Fungal GlcN,All fungi,Genus,FALSE
value,Fusarium,Pisolithus,47,17,1.782706524943339,0.07463408864281174,1,ns,Fungal GlcN,All fungi,Genus,FALSE
value,Fusarium,Rhizopus,47,19,-0.21418503153712667,0.8304027683399633,1,ns,Fungal GlcN,All fungi,Genus,FALSE
value,Fusarium,Russula,47,13,-5.508162342681463,3.625989413962735e-8,5.438984120944102e-6,****,Fungal GlcN,All fungi,Genus,TRUE
value,Fusarium,Saccharomyces,47,34,-5.212051069364004,1.867641153717371e-7,2.6894032613530143e-5,****,Fungal GlcN,All fungi,Genus,TRUE
value,Fusarium,Trichoderma,47,12,2.1688959079075447,0.03009058749692052,1,ns,Fungal GlcN,All fungi,Genus,FALSE
value,Geotrichum,Hebeloma,17,29,3.354629455619731,7.947135851454331e-4,0.08582906719570678,ns,Fungal GlcN,All fungi,Genus,FALSE
value,Geotrichum,Helicodendron,17,31,-1.9507287173710457,0.051089325337376146,1,ns,Fungal GlcN,All fungi,Genus,FALSE
value,Geotrichum,Histoplasma,17,15,4.539041870252416,5.651041527732348e-6,7.4593748166067e-4,***,Fungal GlcN,All fungi,Genus,TRUE
value,Geotrichum,Morchella,17,14,0.37432136871131994,0.7081652358447276,1,ns,Fungal GlcN,All fungi,Genus,FALSE
value,Geotrichum,Neurospora,17,72,-0.12374761131173194,0.901515112975456,1,ns,Fungal GlcN,All fungi,Genus,FALSE
value,Geotrichum,Penicillium,17,16,3.1659596320328283,0.0015457224319093972,0.1592094104866679,ns,Fungal GlcN,All fungi,Genus,FALSE
value,Geotrichum,Pisolithus,17,17,4.039087688640368,5.3659503357251174e-5,0.006546459409584643,**,Fungal GlcN,All fungi,Genus,TRUE
value,Geotrichum,Rhizopus,17,19,2.464067187701769,0.013737035838259257,1,ns,Fungal GlcN,All fungi,Genus,FALSE
value,Geotrichum,Russula,17,13,-2.2940861087401383,0.021785553118455002,1,ns,Fungal GlcN,All fungi,Genus,FALSE
value,Geotrichum,Saccharomyces,17,34,-0.9850062692222503,0.3246209915311848,1,ns,Fungal GlcN,All fungi,Genus,FALSE
value,Geotrichum,Trichoderma,17,12,4.196805109261494,2.70706689826136e-5,0.003437974960791927,**,Fungal GlcN,All fungi,Genus,TRUE
value,Hebeloma,Helicodendron,29,31,-6.245324051832957,4.2292237251265777e-10,6.80905019745379e-8,****,Fungal GlcN,All fungi,Genus,TRUE
value,Hebeloma,Histoplasma,29,15,1.8338244746884855,0.06668005345465737,1,ns,Fungal GlcN,All fungi,Genus,FALSE
value,Hebeloma,Morchella,29,14,-2.733569530559567,0.006265189378515044,0.5638670440663539,ns,Fungal GlcN,All fungi,Genus,FALSE
value,Hebeloma,Neurospora,29,72,-4.810848248718959,1.5029109509612485e-6,2.043958893307298e-4,***,Fungal GlcN,All fungi,Genus,TRUE
value,Hebeloma,Penicillium,29,16,0.25060762384724344,0.8021174868138995,1,ns,Fungal GlcN,All fungi,Genus,FALSE
value,Hebeloma,Pisolithus,29,17,1.180799440925774,0.23768240623616285,1,ns,Fungal GlcN,All fungi,Genus,FALSE
value,Hebeloma,Rhizopus,29,19,-0.6846708084878689,0.49355167370065045,1,ns,Fungal GlcN,All fungi,Genus,FALSE
value,Hebeloma,Russula,29,13,-5.602383819779422,2.114237447357544e-8,3.213640919983467e-6,****,Fungal GlcN,All fungi,Genus,TRUE
value,Hebeloma,Saccharomyces,29,34,-5.211374434463863,1.8744669325609691e-7,2.6894032613530143e-5,****,Fungal GlcN,All fungi,Genus,TRUE
value,Hebeloma,Trichoderma,29,12,1.624627689175134,0.10424191353215981,1,ns,Fungal GlcN,All fungi,Genus,FALSE
value,Helicodendron,Histoplasma,31,15,6.984105054396967,2.8667749363239813e-12,4.844849642387529e-10,****,Fungal GlcN,All fungi,Genus,TRUE
value,Helicodendron,Morchella,31,14,2.247856195749051,0.024585361147243502,1,ns,Fungal GlcN,All fungi,Genus,FALSE
value,Helicodendron,Neurospora,31,72,2.5852334606200205,0.009731308063512452,0.8271611853985584,ns,Fungal GlcN,All fungi,Genus,FALSE
value,Helicodendron,Penicillium,31,16,5.4948764156174725,3.9098412084949863e-8,5.82566340065753e-6,****,Fungal GlcN,All fungi,Genus,TRUE
value,Helicodendron,Pisolithus,31,17,6.54121303301571,6.102183367884744e-11,1.0129624390688674e-8,****,Fungal GlcN,All fungi,Genus,TRUE
value,Helicodendron,Rhizopus,31,19,4.844038873096994,1.2722602408641486e-6,1.7429965299838835e-4,***,Fungal GlcN,All fungi,Genus,TRUE
value,Helicodendron,Russula,31,13,-0.7762835563292219,0.4375815799646054,1,ns,Fungal GlcN,All fungi,Genus,FALSE
value,Helicodendron,Saccharomyces,31,34,1.1924827733115841,0.23307200147587984,1,ns,Fungal GlcN,All fungi,Genus,FALSE
value,Helicodendron,Trichoderma,31,12,6.385752923249614,1.705561910488708e-10,2.797121533201481e-8,****,Fungal GlcN,All fungi,Genus,TRUE
value,Histoplasma,Morchella,15,14,-3.963392496012517,7.389214631264191e-5,0.008867057557517028,**,Fungal GlcN,All fungi,Genus,TRUE
value,Histoplasma,Neurospora,15,72,-5.782848626516783,7.344614850779032e-9,1.131070687019971e-6,****,Fungal GlcN,All fungi,Genus,TRUE
value,Histoplasma,Penicillium,15,16,-1.4056439520905204,0.15982987777696486,1,ns,Fungal GlcN,All fungi,Genus,FALSE
value,Histoplasma,Pisolithus,15,17,-0.6282120322585276,0.529865049121639,1,ns,Fungal GlcN,All fungi,Genus,FALSE
value,Histoplasma,Rhizopus,15,19,-2.273655517314312,0.022986706663481814,1,ns,Fungal GlcN,All fungi,Genus,FALSE
value,Histoplasma,Russula,15,13,-6.473888306746468,9.551251708147054e-11,1.575956531844264e-8,****,Fungal GlcN,All fungi,Genus,TRUE
value,Histoplasma,Saccharomyces,15,34,-6.1314225558217945,8.709673054252943e-10,1.3848380156262179e-07,****,Fungal GlcN,All fungi,Genus,TRUE
value,Histoplasma,Trichoderma,15,12,-0.06606435431536331,0.9473265899631007,1,ns,Fungal GlcN,All fungi,Genus,FALSE
value,Morchella,Neurospora,14,72,-0.5767477435968731,0.5641098750071016,1,ns,Fungal GlcN,All fungi,Genus,FALSE
value,Morchella,Penicillium,14,16,2.64414450297047,0.008189768461312785,0.7125098561342122,ns,Fungal GlcN,All fungi,Genus,FALSE
value,Morchella,Pisolithus,14,17,3.4643545706178838,5.315054395235058e-4,0.05793409290806214,ns,Fungal GlcN,All fungi,Genus,FALSE
value,Morchella,Rhizopus,14,19,1.9519860329709138,0.05093986287396534,1,ns,Fungal GlcN,All fungi,Genus,FALSE
value,Morchella,Russula,14,13,-2.5452062052802864,0.01092132236803606,0.906469756546993,ns,Fungal GlcN,All fungi,Genus,FALSE
value,Morchella,Saccharomyces,14,34,-1.3468108991093035,0.17804114358476594,1,ns,Fungal GlcN,All fungi,Genus,FALSE
value,Morchella,Trichoderma,14,12,3.6788613498794223,2.342775815365503e-4,0.027176199458239833,*,Fungal GlcN,All fungi,Genus,TRUE
value,Neurospora,Penicillium,72,16,4.110640206015352,3.945636091693549e-5,0.004932045114616936,**,Fungal GlcN,All fungi,Genus,TRUE
value,Neurospora,Pisolithus,72,17,5.2614568758540265,1.4291841205939344e-7,2.0866088160671444e-5,****,Fungal GlcN,All fungi,Genus,TRUE
value,Neurospora,Rhizopus,72,19,3.318895655710853,9.037419247450452e-4,0.09579664402297479,ns,Fungal GlcN,All fungi,Genus,FALSE
value,Neurospora,Russula,72,13,-2.694073871384572,0.0070584518923609745,0.6211437665277657,ns,Fungal GlcN,All fungi,Genus,FALSE
value,Neurospora,Saccharomyces,72,34,-1.2457302062847244,0.21286346020020222,1,ns,Fungal GlcN,All fungi,Genus,FALSE
value,Neurospora,Trichoderma,72,12,5.181830225025358,2.197191661012807e-7,3.120012158638186e-5,****,Fungal GlcN,All fungi,Genus,TRUE
value,Penicillium,Pisolithus,16,17,0.8114589742952495,0.41710214365044124,1,ns,Fungal GlcN,All fungi,Genus,FALSE
value,Penicillium,Rhizopus,16,19,-0.8255740472793899,0.4090457622273608,1,ns,Fungal GlcN,All fungi,Genus,FALSE
value,Penicillium,Russula,16,13,-5.216957830593797,1.818856473194147e-7,2.6373418861315132e-5,****,Fungal GlcN,All fungi,Genus,TRUE
value,Penicillium,Saccharomyces,16,34,-4.602515789739424,4.174179063504307e-6,5.593399945095772e-4,***,Fungal GlcN,All fungi,Genus,TRUE
value,Penicillium,Trichoderma,16,12,1.2558837016718212,0.2091581385375467,1,ns,Fungal GlcN,All fungi,Genus,FALSE
value,Pisolithus,Rhizopus,17,19,-1.685700930143945,0.09185341764276433,1,ns,Fungal GlcN,All fungi,Genus,FALSE
value,Pisolithus,Russula,17,13,-6.054272111540535,1.4105400211215517e-9,2.1863370327384052e-7,****,Fungal GlcN,All fungi,Genus,TRUE
value,Pisolithus,Saccharomyces,17,34,-5.648942997856289,1.6143737053600037e-8,2.469991769200806e-6,****,Fungal GlcN,All fungi,Genus,TRUE
value,Pisolithus,Trichoderma,17,12,0.5223757397392172,0.6014087440152657,1,ns,Fungal GlcN,All fungi,Genus,FALSE
value,Rhizopus,Russula,19,13,-4.633740796362246,3.5911659845379924e-6,4.84807407912629e-4,***,Fungal GlcN,All fungi,Genus,TRUE
value,Rhizopus,Saccharomyces,19,34,-3.893476622481482,9.881772928420533e-5,0.011759309784820435,*,Fungal GlcN,All fungi,Genus,TRUE
value,Rhizopus,Trichoderma,19,12,2.0603578494134887,0.039364343326038616,1,ns,Fungal GlcN,All fungi,Genus,FALSE
value,Russula,Saccharomyces,13,34,1.694740048229701,0.09012474487036563,1,ns,Fungal GlcN,All fungi,Genus,FALSE
value,Russula,Trichoderma,13,12,6.064091014438199,1.3270199701969758e-9,2.0701511535072823e-7,****,Fungal GlcN,All fungi,Genus,TRUE
value,Saccharomyces,Trichoderma,34,12,5.583914848028111,2.3516387900214928e-8,3.550974572932454e-6,****,Fungal GlcN,All fungi,Genus,TRUE
value,Bacillus subtilis,Escherichia coli,21,16,-5.1935680331152545,2.0630150382887522e-7,6.189045114866257e-6,****,Bacterial MurA,All bacteria,Species_Strain,TRUE
value,Bacillus subtilis,Frankia sp.,21,12,-2.1368607038010556,0.03260932299679311,0.5217491679486898,ns,Bacterial MurA,All bacteria,Species_Strain,FALSE
value,Bacillus subtilis,Legionella pneumophila,21,11,-3.688755871427778,2.25353320846706e-4,0.005183126379474238,**,Bacterial MurA,All bacteria,Species_Strain,TRUE
value,Bacillus subtilis,Micrococcus luteus,21,14,0.0708355600389203,0.9435286300782497,1,ns,Bacterial MurA,All bacteria,Species_Strain,FALSE
value,Bacillus subtilis,Staphylococcus aureus,21,11,-0.5372699044021587,0.5910811908277909,1,ns,Bacterial MurA,All bacteria,Species_Strain,FALSE
value,Bacillus subtilis,Streptococcus mutans,21,12,0.5947189140517414,0.5520313766856659,1,ns,Bacterial MurA,All bacteria,Species_Strain,FALSE
value,Bacillus subtilis,Vibrio fetus intestinalis,21,12,-5.590733009066852,2.2611303257601745e-8,7.687843107584593e-7,****,Bacterial MurA,All bacteria,Species_Strain,TRUE
value,Bacillus subtilis,Vibrio fetus veneralis,21,12,-5.879650084032051,4.111346728053065e-9,1.4800848220991034e-7,****,Bacterial MurA,All bacteria,Species_Strain,TRUE
value,Escherichia coli,Frankia sp.,16,12,2.4881300946946228,0.012841674831266997,0.23115014696280595,ns,Bacterial MurA,All bacteria,Species_Strain,FALSE
value,Escherichia coli,Legionella pneumophila,16,11,0.8949054686641342,0.37083762316171753,1,ns,Bacterial MurA,All bacteria,Species_Strain,FALSE
value,Escherichia coli,Micrococcus luteus,16,14,4.7761285689721085,1.7870216278624705e-6,5.003660558014918e-5,****,Bacterial MurA,All bacteria,Species_Strain,TRUE
value,Escherichia coli,Staphylococcus aureus,16,11,3.8896434363684715,1.0039161760512489e-4,0.0025097904401281223,**,Bacterial MurA,All bacteria,Species_Strain,TRUE
value,Escherichia coli,Streptococcus mutans,16,12,5.076594288237513,3.842601539806049e-7,1.1143544465437542e-5,****,Bacterial MurA,All bacteria,Species_Strain,TRUE
value,Escherichia coli,Vibrio fetus intestinalis,16,12,-0.7847837654100891,0.43258036020806256,1,ns,Bacterial MurA,All bacteria,Species_Strain,FALSE
value,Escherichia coli,Vibrio fetus veneralis,16,12,-1.0585636320348177,0.2897985570045759,1,ns,Bacterial MurA,All bacteria,Species_Strain,FALSE
value,Frankia sp.,Legionella pneumophila,12,11,-1.436570872765854,0.1508399648646862,1,ns,Bacterial MurA,All bacteria,Species_Strain,FALSE
value,Frankia sp.,Micrococcus luteus,12,14,2.0277528550411765,0.04258547821980085,0.6387821732970127,ns,Bacterial MurA,All bacteria,Species_Strain,FALSE
value,Frankia sp.,Staphylococcus aureus,12,11,1.3734362738906971,0.16961675951490965,1,ns,Bacterial MurA,All bacteria,Species_Strain,FALSE
value,Frankia sp.,Streptococcus mutans,12,12,2.421286542542402,0.01546568103396555,0.2629165775774143,ns,Bacterial MurA,All bacteria,Species_Strain,FALSE
value,Frankia sp.,Vibrio fetus intestinalis,12,12,-3.0615305802339026,0.002202084969509165,0.044041699390183306,*,Bacterial MurA,All bacteria,Species_Strain,TRUE
value,Frankia sp.,Vibrio fetus veneralis,12,12,-3.317628195310503,9.078524413158681e-4,0.01906490126763323,*,Bacterial MurA,All bacteria,Species_Strain,TRUE
value,Legionella pneumophila,Micrococcus luteus,11,14,3.468186662119153,5.239831886520561e-4,0.011527630150345235,*,Bacterial MurA,All bacteria,Species_Strain,TRUE
value,Legionella pneumophila,Staphylococcus aureus,11,11,2.7508424753306677,0.005944222003364383,0.11294021806392328,ns,Bacterial MurA,All bacteria,Species_Strain,FALSE
value,Legionella pneumophila,Streptococcus mutans,11,12,3.8046358272963103,1.4201296893878e-4,0.00340831125453072,**,Bacterial MurA,All bacteria,Species_Strain,TRUE
value,Legionella pneumophila,Vibrio fetus intestinalis,11,12,-1.557665103395252,0.11931265693663169,1,ns,Bacterial MurA,All bacteria,Species_Strain,FALSE
value,Legionella pneumophila,Vibrio fetus veneralis,11,12,-1.808133512047512,0.0705857235589539,0.9882001298253547,ns,Bacterial MurA,All bacteria,Species_Strain,FALSE
value,Micrococcus luteus,Staphylococcus aureus,14,11,-0.5569686278638419,0.5775488639309376,1,ns,Bacterial MurA,All bacteria,Species_Strain,FALSE
value,Micrococcus luteus,Streptococcus mutans,14,12,0.48493493809920907,0.6277224980105978,1,ns,Bacterial MurA,All bacteria,Species_Strain,FALSE
value,Micrococcus luteus,Vibrio fetus intestinalis,14,12,-5.2048532857908,1.9414993359201025e-7,6.018647941352318e-6,****,Bacterial MurA,All bacteria,Species_Strain,TRUE
value,Micrococcus luteus,Vibrio fetus veneralis,14,12,-5.470618340834493,4.484681321118413e-8,1.435098022757892e-6,****,Bacterial MurA,All bacteria,Species_Strain,TRUE
value,Staphylococcus aureus,Streptococcus mutans,11,12,0.9946286806397592,0.31991689301846676,1,ns,Bacterial MurA,All bacteria,Species_Strain,FALSE
value,Staphylococcus aureus,Vibrio fetus intestinalis,11,12,-4.367672250051803,1.2557774969235315e-5,3.265021492001182e-4,***,Bacterial MurA,All bacteria,Species_Strain,TRUE
value,Staphylococcus aureus,Vibrio fetus veneralis,11,12,-4.618140658704062,3.871937711086092e-6,1.0454231819932448e-4,***,Bacterial MurA,All bacteria,Species_Strain,TRUE
value,Streptococcus mutans,Vibrio fetus intestinalis,12,12,-5.482817122776305,4.186056887086356e-8,1.3813987727384973e-6,****,Bacterial MurA,All bacteria,Species_Strain,TRUE
value,Streptococcus mutans,Vibrio fetus veneralis,12,12,-5.738914737852904,9.528517300548165e-9,3.3349810551918574e-7,****,Bacterial MurA,All bacteria,Species_Strain,TRUE
value,Vibrio fetus intestinalis,Vibrio fetus veneralis,12,12,-0.25609761507660017,0.797875463486875,1,ns,Bacterial MurA,All bacteria,Species_Strain,FALSE
value,Aspergillus niger,Aspergillus oryzae,19,22,2.0931101739662896,0.03633932071576855,0.9084830178942137,ns,Fungal GlcN,All fungi,Species_Strain,FALSE
value,Aspergillus niger,Blastomyces dermatitidis,19,14,3.373200129665682,7.429992788397715e-4,0.030462970432430632,*,Fungal GlcN,All fungi,Species_Strain,TRUE
value,Aspergillus niger,Fusarium oxysporum,19,32,0.810190416171601,0.4178307448128305,1,ns,Fungal GlcN,All fungi,Species_Strain,FALSE
value,Aspergillus niger,Geotrichum candidum,19,14,-1.6083455516218346,0.10775951944250556,1,ns,Fungal GlcN,All fungi,Species_Strain,FALSE
value,Aspergillus niger,Hebeloma cylindrosporum,19,29,1.449849027733598,0.14710062412480043,1,ns,Fungal GlcN,All fungi,Species_Strain,FALSE
value,Aspergillus niger,Histoplasma capsulatum,19,15,2.88975050020141,0.0038554769255448344,0.1349416923940692,ns,Fungal GlcN,All fungi,Species_Strain,FALSE
value,Aspergillus niger,Morchella sp.,19,12,-1.019224761832198,0.30809627359219544,1,ns,Fungal GlcN,All fungi,Species_Strain,FALSE
value,Aspergillus niger,Neurospora crassa,19,66,-2.6997284617418305,0.006939609046085901,0.22206748947474883,ns,Fungal GlcN,All fungi,Species_Strain,FALSE
value,Aspergillus niger,Pisolithus tinctorius,19,17,2.3099109033894916,0.020893087299147406,0.5432202697778326,ns,Fungal GlcN,All fungi,Species_Strain,FALSE
value,Aspergillus niger,Russula sp.,19,12,-4.260480737650307,2.039876632758386e-5,9.587420173964413e-4,***,Fungal GlcN,All fungi,Species_Strain,TRUE
value,Aspergillus niger,Saccharomyces cerevisiae,19,33,-3.227812919681232,0.0012474052498615772,0.04989620999446309,*,Fungal GlcN,All fungi,Species_Strain,TRUE
value,Aspergillus oryzae,Blastomyces dermatitidis,22,14,1.5577884618530822,0.11928340204801326,1,ns,Fungal GlcN,All fungi,Species_Strain,FALSE
value,Aspergillus oryzae,Fusarium oxysporum,22,32,-1.519682889002985,0.12859069412401833,1,ns,Fungal GlcN,All fungi,Species_Strain,FALSE
value,Aspergillus oryzae,Geotrichum candidum,22,14,-3.574421043470864,3.510037109191371e-4,0.015093159569522896,*,Fungal GlcN,All fungi,Species_Strain,TRUE
value,Aspergillus oryzae,Hebeloma cylindrosporum,22,29,-0.8050385482486202,0.42079743536471537,1,ns,Fungal GlcN,All fungi,Species_Strain,FALSE
value,Aspergillus oryzae,Histoplasma capsulatum,22,15,1.0230780968181832,0.3062709221191497,1,ns,Fungal GlcN,All fungi,Species_Strain,FALSE
value,Aspergillus oryzae,Morchella sp.,22,12,-2.8739019960635463,0.004054347499747664,0.13784781499142057,ns,Fungal GlcN,All fungi,Species_Strain,FALSE
value,Aspergillus oryzae,Neurospora crassa,22,66,-5.517905094271772,3.430646053631792e-8,1.8868553294974857e-6,****,Fungal GlcN,All fungi,Species_Strain,TRUE
value,Aspergillus oryzae,Pisolithus tinctorius,22,17,0.3580635508309453,0.7202957552951335,1,ns,Fungal GlcN,All fungi,Species_Strain,FALSE
value,Aspergillus oryzae,Russula sp.,22,12,-6.204247250325421,5.495932258234793e-10,3.352518677523224e-8,****,Fungal GlcN,All fungi,Species_Strain,TRUE
value,Aspergillus oryzae,Saccharomyces cerevisiae,22,33,-5.758926980291514,8.465030817328448e-9,4.825067565877215e-7,****,Fungal GlcN,All fungi,Species_Strain,TRUE
value,Blastomyces dermatitidis,Fusarium oxysporum,14,32,-2.9755319155991433,0.0029248091421183783,0.10821793825838,ns,Fungal GlcN,All fungi,Species_Strain,FALSE
value,Blastomyces dermatitidis,Geotrichum candidum,14,14,-4.642258165815005,3.446218840236128e-6,1.6886472317157028e-4,***,Fungal GlcN,All fungi,Species_Strain,TRUE
value,Blastomyces dermatitidis,Hebeloma cylindrosporum,14,29,-2.3358805584508575,0.0194974674929261,0.5375980236171136,ns,Fungal GlcN,All fungi,Species_Strain,FALSE
value,Blastomyces dermatitidis,Histoplasma capsulatum,14,15,-0.5113046275001627,0.6091377652207876,1,ns,Fungal GlcN,All fungi,Species_Strain,FALSE
value,Blastomyces dermatitidis,Morchella sp.,14,12,-3.9754595691019654,7.024347728289574e-5,0.0031609564777303084,**,Fungal GlcN,All fungi,Species_Strain,TRUE
value,Blastomyces dermatitidis,Neurospora crassa,14,66,-6.426597253487247,1.3049194822736302e-10,8.22099273832387e-9,****,Fungal GlcN,All fungi,Species_Strain,TRUE
value,Blastomyces dermatitidis,Pisolithus tinctorius,14,17,-1.1553002197921387,0.2479675059911967,1,ns,Fungal GlcN,All fungi,Species_Strain,FALSE
value,Blastomyces dermatitidis,Russula sp.,14,12,-7.013508195198729,2.324153453788861e-12,1.5339412795006484e-10,****,Fungal GlcN,All fungi,Species_Strain,TRUE
value,Blastomyces dermatitidis,Saccharomyces cerevisiae,14,33,-6.639429012948257,3.149006129336786e-11,2.0468539840689107e-9,****,Fungal GlcN,All fungi,Species_Strain,TRUE
value,Fusarium oxysporum,Geotrichum candidum,32,14,-2.500177083951331,0.012413124064121825,0.3723937219236548,ns,Fungal GlcN,All fungi,Species_Strain,FALSE
value,Fusarium oxysporum,Hebeloma cylindrosporum,32,29,0.7538497857224218,0.4509394254103374,1,ns,Fungal GlcN,All fungi,Species_Strain,FALSE
value,Fusarium oxysporum,Histoplasma capsulatum,32,15,2.439813774980349,0.014694834927964341,0.4261502129109659,ns,Fungal GlcN,All fungi,Species_Strain,FALSE
value,Fusarium oxysporum,Morchella sp.,32,12,-1.8034565980059991,0.07131653581575595,1,ns,Fungal GlcN,All fungi,Species_Strain,FALSE
value,Fusarium oxysporum,Neurospora crassa,32,66,-4.352299250449615,1.3471720855115234e-5,6.466426010455313e-4,***,Fungal GlcN,All fungi,Species_Strain,TRUE
value,Fusarium oxysporum,Pisolithus tinctorius,32,17,1.787641137517292,0.073833924003790255,1,ns,Fungal GlcN,All fungi,Species_Strain,FALSE
value,Fusarium oxysporum,Russula sp.,32,12,-5.334198956338241,9.596725605341198e-8,5.086264570830835e-6,****,Fungal GlcN,All fungi,Species_Strain,TRUE
value,Fusarium oxysporum,Saccharomyces cerevisiae,32,33,-4.692514677853719,2.6986716635778034e-6,1.3493358317889017e-4,***,Fungal GlcN,All fungi,Species_Strain,TRUE
value,Geotrichum candidum,Hebeloma cylindrosporum,14,29,3.055612592215667,0.0022460125585055763,0.08759448978171748,ns,Fungal GlcN,All fungi,Species_Strain,FALSE
value,Geotrichum candidum,Histoplasma capsulatum,14,15,4.210314127437097,2.5501585905881255e-5,0.0011730729516705378,**,Fungal GlcN,All fungi,Species_Strain,TRUE
value,Geotrichum candidum,Morchella sp.,14,12,0.48467780836931673,0.6279049105420815,1,ns,Fungal GlcN,All fungi,Species_Strain,FALSE
value,Geotrichum candidum,Neurospora crassa,14,66,-0.46350867047713296,0.6429998014104957,1,ns,Fungal GlcN,All fungi,Species_Strain,FALSE
value,Geotrichum candidum,Pisolithus tinctorius,14,17,3.706396914703936,2.1022874687475027e-4,0.009250064862489011,**,Fungal GlcN,All fungi,Species_Strain,TRUE
value,Geotrichum candidum,Russula sp.,14,12,-2.5533708177274472,0.010668584589625182,0.33072612227838066,ns,Fungal GlcN,All fungi,Species_Strain,FALSE
value,Geotrichum candidum,Saccharomyces cerevisiae,14,33,-1.1382936988806838,0.25499786424709997,1,ns,Fungal GlcN,All fungi,Species_Strain,FALSE
value,Hebeloma cylindrosporum,Histoplasma capsulatum,29,15,1.792801958220844,0.0730045962844252,1,ns,Fungal GlcN,All fungi,Species_Strain,FALSE
value,Hebeloma cylindrosporum,Morchella sp.,29,12,-2.3416262823946483,0.019199929414896916,0.5375980236171136,ns,Fungal GlcN,All fungi,Species_Strain,FALSE
value,Hebeloma cylindrosporum,Neurospora crassa,29,66,-5.075707765450123,3.8605625271648327e-7,1.9688868888540648e-5,****,Fungal GlcN,All fungi,Species_Strain,TRUE
value,Hebeloma cylindrosporum,Pisolithus tinctorius,29,17,1.1236674712848846,0.26115412098901986,1,ns,Fungal GlcN,All fungi,Species_Strain,FALSE
value,Hebeloma cylindrosporum,Russula sp.,29,12,-5.823591652337549,5.7596204781938165e-9,3.3405798773524135e-7,****,Fungal GlcN,All fungi,Species_Strain,TRUE
value,Hebeloma cylindrosporum,Saccharomyces cerevisiae,29,33,-5.33327949370899,9.645467426862023e-8,5.086264570830835e-6,****,Fungal GlcN,All fungi,Species_Strain,TRUE
value,Histoplasma capsulatum,Morchella sp.,15,12,-3.5474737132027987,3.889445625124304e-4,0.016335671625522078,*,Fungal GlcN,All fungi,Species_Strain,TRUE
value,Histoplasma capsulatum,Neurospora crassa,15,66,-5.9467006291488005,2.736011363444516e-9,1.6142467044322645e-7,****,Fungal GlcN,All fungi,Species_Strain,TRUE
value,Histoplasma capsulatum,Pisolithus tinctorius,15,17,-0.6406462629495983,0.5217525348968519,1,ns,Fungal GlcN,All fungi,Species_Strain,FALSE
value,Histoplasma capsulatum,Russula sp.,15,12,-6.6333685682261345,3.281111421085477e-11,2.0999113094947054e-9,****,Fungal GlcN,All fungi,Species_Strain,TRUE
value,Histoplasma capsulatum,Saccharomyces cerevisiae,15,33,-6.19032672045499,6.003963686871777e-10,3.602378212123066e-8,****,Fungal GlcN,All fungi,Species_Strain,TRUE
value,Morchella sp.,Neurospora crassa,12,66,-1.0421682194733106,0.29733369456994324,1,ns,Fungal GlcN,All fungi,Species_Strain,FALSE
value,Morchella sp.,Pisolithus tinctorius,12,17,3.042100542518843,0.002349334081107048,0.08927469508206783,ns,Fungal GlcN,All fungi,Species_Strain,FALSE
value,Morchella sp.,Russula sp.,12,12,-2.9275369085006506,0.003416585066915277,0.12299706240894998,ns,Fungal GlcN,All fungi,Species_Strain,FALSE
value,Morchella sp.,Saccharomyces cerevisiae,12,33,-1.6426418809942027,0.10045705016879869,1,ns,Fungal GlcN,All fungi,Species_Strain,FALSE
value,Neurospora crassa,Pisolithus tinctorius,66,17,5.4195950302353415,5.973419136553352e-8,3.2256463337388104e-6,****,Fungal GlcN,All fungi,Species_Strain,TRUE
value,Neurospora crassa,Russula sp.,66,12,-2.7662272806930708,0.0056708995817635775,0.18713968619819807,ns,Fungal GlcN,All fungi,Species_Strain,FALSE
value,Neurospora crassa,Saccharomyces cerevisiae,66,33,-1.063214779149974,0.28768456165462336,1,ns,Fungal GlcN,All fungi,Species_Strain,FALSE
value,Pisolithus tinctorius,Russula sp.,17,12,-6.2119806660084524,5.23208660036936e-10,3.2438936922290034e-8,****,Fungal GlcN,All fungi,Species_Strain,TRUE
value,Pisolithus tinctorius,Saccharomyces cerevisiae,17,33,-5.6967732798288155,1.2209611663740002e-8,6.837382531694401e-7,****,Fungal GlcN,All fungi,Species_Strain,TRUE
value,Russula sp.,Saccharomyces cerevisiae,12,33,1.9027813820679855,0.05706907756112733,1,ns,Fungal GlcN,All fungi,Species_Strain,FALSE
