Number,AuthorID,Reference,Kingdom,Phylum,Class,Order,Genus,Species,Gram,kingdom,trait,trait_value,trait_median,mad,lower_threshold,upper_threshold,potential_outlier
8,53,Hu et al. 2024,Bacteria,Actinomycetota,Actinomycetia,Actinomycetales,Actinomyces,Actinomyces viscosus,GP,Bacteria,MurA,44,10.1,8.23,-14.590000000000002,34.79,TRUE
17,32,Appuhn and Joergensen 2006,Bacteria,Firmicutes,Bacilli,Bacillales,Bacillus,Bacillus cereus,GP,Bacteria,MurA,42.2,10.1,8.23,-14.590000000000002,34.79,TRUE
22,37,Appuhn and Joergensen 2006,Bacteria,Firmicutes,Bacilli,Bacillales,Bacillus,Bacillus subtilis,GP,Bacteria,MurA,39.8,10.1,8.23,-14.590000000000002,34.79,TRUE
23,79,Hu et al. 2024,Bacteria,Firmicutes,Bacilli,Bacillales,Bacillus,Bacillus subtilis,GP,Bacteria,MurA,39.8,10.1,8.23,-14.590000000000002,34.79,TRUE
25,81,Hu et al. 2024,Bacteria,Firmicutes,Bacilli,Bacillales,Bacillus,Bacillus cereus,GP,Bacteria,MurA,48.48,10.1,8.23,-14.590000000000002,34.79,TRUE
31,87,Hu et al. 2024,Bacteria,Firmicutes,Bacilli,Bacillales,Bacillus,Bacillus cereus,GP,Bacteria,MurA,42.2,10.1,8.23,-14.590000000000002,34.79,TRUE
36,92,Hu et al. 2024,Bacteria,Firmicutes,Bacilli,Bacillales,Bacillus,Bacillus pasteurii,GP,Bacteria,MurA,96.38,10.1,8.23,-14.590000000000002,34.79,TRUE
40,96,Hu et al. 2024,Bacteria,Firmicutes,Bacilli,Bacillales,Bacillus,Bacillus psychrophilus,GP,Bacteria,MurA,70.09,10.1,8.23,-14.590000000000002,34.79,TRUE
41,97,Hu et al. 2024,Bacteria,Firmicutes,Bacilli,Bacillales,Bacillus,Bacillus stearothermophilus,GP,Bacteria,MurA,90.54,10.1,8.23,-14.590000000000002,34.79,TRUE
42,98,Hu et al. 2024,Bacteria,Firmicutes,Bacilli,Bacillales,Bacillus,Bacillus stearothermophilus,GP,Bacteria,MurA,45.56,10.1,8.23,-14.590000000000002,34.79,TRUE
45,101,Hu et al. 2024,Bacteria,Firmicutes,Bacilli,Bacillales,Bacillus,Bacillus stearothermophilus,GP,Bacteria,MurA,75.93,10.1,8.23,-14.590000000000002,34.79,TRUE
47,103,Hu et al. 2024,Bacteria,Firmicutes,Bacilli,Bacillales,Bacillus,Bacillus subtilis,GP,Bacteria,MurA,75.02,10.1,8.23,-14.590000000000002,34.79,TRUE
52,108,Hu et al. 2024,Bacteria,Firmicutes,Bacilli,Bacillales,Bacillus,Bacillus subtilis,GP,Bacteria,MurA,47.7,10.1,8.23,-14.590000000000002,34.79,TRUE
54,110,Hu et al. 2024,Bacteria,Firmicutes,Bacilli,Bacillales,Bacillus,Bacillus subtilis,GP,Bacteria,MurA,37,10.1,8.23,-14.590000000000002,34.79,TRUE
62,438,Salas et al. 2024,Bacteria,Firmicutes,Bacilli,Bacillales,Bacillus,Bacillus subtilis,GP,Bacteria,MurA,38.26,10.1,8.23,-14.590000000000002,34.79,TRUE
63,436,Salas et al. 2024,Bacteria,Firmicutes,Bacilli,Bacillales,Bacillus,Bacillus subtilis,GP,Bacteria,MurA,63.28,10.1,8.23,-14.590000000000002,34.79,TRUE
65,194,Hu et al. 2024,Bacteria,Bacilliota,Bacilli,Bacillales,Gaffkya,Gaffkya homari,GP,Bacteria,MurA,54.32,10.1,8.23,-14.590000000000002,34.79,TRUE
71,329,Hu et al. 2024,Bacteria,Firmicutes,Bacilli,Bacillales,Staphylococcus,Staphylococcus aureus,GP,Bacteria,MurA,42.32,10.1,8.23,-14.590000000000002,34.79,TRUE
88,324,Hu et al. 2024,Bacteria,Firmicutes,Bacilli,Bacillales,Sporosarcina,Sporosarcina ureae,GP,Bacteria,MurA,106.89,10.1,8.23,-14.590000000000002,34.79,TRUE
94,268,Hu et al. 2024,Bacteria,Firmicutes,Bacilli,Caryophanales,Planococcus,Planococcus sp.,GP,Bacteria,MurA,46.14,10.1,8.23,-14.590000000000002,34.79,TRUE
115,142,Hu et al. 2024,Bacteria,Actinomycetota,Actinomycetia,Corynebacteriales,Corynebacterium,Corynebacterium betae,GP,Bacteria,MurA,39.72,10.1,8.23,-14.590000000000002,34.79,TRUE
116,143,Hu et al. 2024,Bacteria,Actinomycetota,Actinomycetia,Corynebacteriales,Corynebacterium,Corynebacterium betae,GP,Bacteria,MurA,37.38,10.1,8.23,-14.590000000000002,34.79,TRUE
119,146,Hu et al. 2024,Bacteria,Actinomycetota,Actinomycetia,Corynebacteriales,Corynebacterium,Corynebacterium insidiosum,GP,Bacteria,MurA,74.77,10.1,8.23,-14.590000000000002,34.79,TRUE
121,148,Hu et al. 2024,Bacteria,Actinomycetota,Actinomycetia,Corynebacteriales,Corynebacterium,Corynebacterium poinsettiae,GP,Bacteria,MurA,45.56,10.1,8.23,-14.590000000000002,34.79,TRUE
122,149,Hu et al. 2024,Bacteria,Actinomycetota,Actinomycetia,Corynebacteriales,Corynebacterium,Corynebacterium poinsettiae,GP,Bacteria,MurA,44.39,10.1,8.23,-14.590000000000002,34.79,TRUE
123,150,Hu et al. 2024,Bacteria,Actinomycetota,Actinomycetia,Corynebacteriales,Corynebacterium,Corynebacterium rathayi,GP,Bacteria,MurA,59.58,10.1,8.23,-14.590000000000002,34.79,TRUE
124,151,Hu et al. 2024,Bacteria,Actinomycetota,Actinomycetia,Corynebacteriales,Corynebacterium,Corynebacterium rathayi,GP,Bacteria,MurA,42.06,10.1,8.23,-14.590000000000002,34.79,TRUE
126,153,Hu et al. 2024,Bacteria,Actinomycetota,Actinomycetia,Corynebacteriales,Corynebacterium,Corynebacterium sp. ATCC21188,GP,Bacteria,MurA,60.75,10.1,8.23,-14.590000000000002,34.79,TRUE
223,347,Hu et al. 2024,Bacteria,Firmicutes,Bacilli,Lactobacillales,Streptococcus,Streptococcus mutans,GP,Bacteria,MurA,36.21,10.1,8.23,-14.590000000000002,34.79,TRUE
239,59,Hu et al. 2024,Bacteria,Firmicutes,Bacilli,Lactobacillales,Aerococcus,Aerococcus viridans,GP,Bacteria,MurA,58.41,10.1,8.23,-14.590000000000002,34.79,TRUE
240,60,Hu et al. 2024,Bacteria,Firmicutes,Bacilli,Lactobacillales,Aerococcus,Aerococcus viridans,GP,Bacteria,MurA,43.22,10.1,8.23,-14.590000000000002,34.79,TRUE
272,65,Hu et al. 2024,Bacteria,Actinomycetota,Actinomycetia,Micrococcales,Arthrobacter,Arthrobacter aurescens,GP,Bacteria,MurA,60.75,10.1,8.23,-14.590000000000002,34.79,TRUE
273,66,Hu et al. 2024,Bacteria,Actinomycetota,Actinomycetia,Micrococcales,Arthrobacter,Arthrobacter aurescens,GP,Bacteria,MurA,38.55,10.1,8.23,-14.590000000000002,34.79,TRUE
276,69,Hu et al. 2024,Bacteria,Actinomycetota,Actinomycetia,Micrococcales,Arthrobacter,Arthrobacter citreus,GP,Bacteria,MurA,64.25,10.1,8.23,-14.590000000000002,34.79,TRUE
277,70,Hu et al. 2024,Bacteria,Actinomycetota,Actinomycetia,Micrococcales,Arthrobacter,Arthrobacter citreus,GP,Bacteria,MurA,61.92,10.1,8.23,-14.590000000000002,34.79,TRUE
283,76,Hu et al. 2024,Bacteria,Actinomycetota,Actinomycetia,Micrococcales,Arthrobacter,Arthrobacter sp. NCIB 9423,GP,Bacteria,MurA,51.4,10.1,8.23,-14.590000000000002,34.79,TRUE
292,43,Appuhn and Joergensen 2006,Bacteria,Actinomycetota,Actinomycetia,Micrococcales,Micrococcus,Micrococcus luteus,GP,Bacteria,MurA,38,10.1,8.23,-14.590000000000002,34.79,TRUE
294,226,Hu et al. 2024,Bacteria,Actinomycetota,Actinomycetia,Micrococcales,Micrococcus,Micrococcus aurantiacus,GP,Bacteria,MurA,51.75,10.1,8.23,-14.590000000000002,34.79,TRUE
300,232,Hu et al. 2024,Bacteria,Actinomycetota,Actinomycetia,Micrococcales,Micrococcus,Micrococcus freudreichii,GP,Bacteria,MurA,61.92,10.1,8.23,-14.590000000000002,34.79,TRUE
301,233,Hu et al. 2024,Bacteria,Actinomycetota,Actinomycetia,Micrococcales,Micrococcus,Micrococcus luteus,GP,Bacteria,MurA,53.15,10.1,8.23,-14.590000000000002,34.79,TRUE
303,235,Hu et al. 2024,Bacteria,Actinomycetota,Actinomycetia,Micrococcales,Micrococcus,Micrococcus luteus,GP,Bacteria,MurA,38,10.1,8.23,-14.590000000000002,34.79,TRUE
304,236,Hu et al. 2024,Bacteria,Actinomycetota,Actinomycetia,Micrococcales,Micrococcus,Micrococcus luteus,GP,Bacteria,MurA,38,10.1,8.23,-14.590000000000002,34.79,TRUE
307,239,Hu et al. 2024,Bacteria,Actinomycetota,Actinomycetia,Micrococcales,Micrococcus,Micrococcus lysodeikticus,GP,Bacteria,MurA,39,10.1,8.23,-14.590000000000002,34.79,TRUE
308,240,Hu et al. 2024,Bacteria,Actinomycetota,Actinomycetia,Micrococcales,Micrococcus,Micrococcus lysodeikticus,GP,Bacteria,MurA,97.2,10.1,8.23,-14.590000000000002,34.79,TRUE
309,241,Hu et al. 2024,Bacteria,Actinomycetota,Actinomycetia,Micrococcales,Micrococcus,Micrococcus radiodurans,GP,Bacteria,MurA,103.39,10.1,8.23,-14.590000000000002,34.79,TRUE
310,242,Hu et al. 2024,Bacteria,Actinomycetota,Actinomycetia,Micrococcales,Micrococcus,Micrococcus radiodurans,GP,Bacteria,MurA,102.92,10.1,8.23,-14.590000000000002,34.79,TRUE
311,243,Hu et al. 2024,Bacteria,Actinomycetota,Actinomycetia,Micrococcales,Micrococcus,Micrococcus radiodurans,GP,Bacteria,MurA,90.89,10.1,8.23,-14.590000000000002,34.79,TRUE
312,244,Hu et al. 2024,Bacteria,Actinomycetota,Actinomycetia,Micrococcales,Micrococcus,Micrococcus radiodurans,GP,Bacteria,MurA,64.49,10.1,8.23,-14.590000000000002,34.79,TRUE
321,422,Salas et al. 2024,Bacteria,Actinomycetota,Actinomycetia,Micrococcales,Micrococcus,Micrococcus luteus,GP,Bacteria,MurA,35.89,10.1,8.23,-14.590000000000002,34.79,TRUE
322,420,Salas et al. 2024,Bacteria,Actinomycetota,Actinomycetia,Micrococcales,Micrococcus,Micrococcus luteus,GP,Bacteria,MurA,39.19,10.1,8.23,-14.590000000000002,34.79,TRUE
324,440,Salas et al. 2024,Bacteria,Firmicutes,Bacilli,Paenibacillales,Paenibacillus,Paenibacillus alginolyticus,GP,Bacteria,MurA,83.27,10.1,8.23,-14.590000000000002,34.79,TRUE
340,261,Hu et al. 2024,Bacteria,Actinomycetota,Actinomycetia,Mycobacteriales,Mycobacterium,Mycobacterium sp. NRRL MB,GP,Bacteria,MurA,41.85,10.1,8.23,-14.590000000000002,34.79,TRUE
398,441,Salas et al. 2024,Bacteria,Firmicutes,Bacilli,Bacillales,Staphylococcus,Staphylococcus aureus,GP,Bacteria,MurA,46.82,10.1,8.23,-14.590000000000002,34.79,TRUE
405,364,Hu et al. 2024,Bacteria,Actinomycetota,Actinomycetia,Streptomycetales,Streptomyces,Streptomyces coelicolor Aa,GP,Bacteria,MurA,86.45,10.1,8.23,-14.590000000000002,34.79,TRUE
455,120,Hu et al. 2024,Fungi,Basidiomycota,Agaricomycetes,Agaricales,Agaricus,Agaricus bisporus,NA,Fungi,GlcN,301,33.68,22.21,-32.949999999999996,100.31,TRUE
458,123,Hu et al. 2024,Fungi,Basidiomycota,Agaricomycetes,Agaricales,Agaricus,Agaricus bisporus,NA,Fungi,GlcN,117.95,33.68,22.21,-32.949999999999996,100.31,TRUE
459,124,Hu et al. 2024,Fungi,Basidiomycota,Agaricomycetes,Agaricales,Agaricus,Agaricus bisporus,NA,Fungi,GlcN,124.6,33.68,22.21,-32.949999999999996,100.31,TRUE
474,136,Hu et al. 2024,Fungi,Ascomycota,Dothideomycetes,Pleosporales,Alternaria,Alternaria solani,NA,Fungi,GlcN,138.1,33.68,22.21,-32.949999999999996,100.31,TRUE
475,137,Hu et al. 2024,Fungi,Ascomycota,Dothideomycetes,Pleosporales,Alternaria,Alternaria solani,NA,Fungi,GlcN,156.3,33.68,22.21,-32.949999999999996,100.31,TRUE
514,171,Hu et al. 2024,Fungi,Ascomycota,Eurotiomycetes,Eurotiales,Aspergillus,Aspergillus niger,NA,Fungi,GlcN,146,33.68,22.21,-32.949999999999996,100.31,TRUE
570,226,Hu et al. 2024,Fungi,Ascomycota,Euascomycetes,Dothideales,Aureobasidium,Aureobasidium pullulans (de Bary),NA,Fungi,GlcN,167,33.68,22.21,-32.949999999999996,100.31,TRUE
594,240,Hu et al. 2024,Fungi,Ascomycota,Eurotiomycetes,Onygenales,Blastomyces,Blastomyces dermatitidis,NA,Fungi,GlcN,193.55,33.68,22.21,-32.949999999999996,100.31,TRUE
595,241,Hu et al. 2024,Fungi,Ascomycota,Eurotiomycetes,Onygenales,Blastomyces,Blastomyces dermatitidis,NA,Fungi,GlcN,112.35,33.68,22.21,-32.949999999999996,100.31,TRUE
596,242,Hu et al. 2024,Fungi,Ascomycota,Eurotiomycetes,Onygenales,Blastomyces,Blastomyces dermatitidis,NA,Fungi,GlcN,112.35,33.68,22.21,-32.949999999999996,100.31,TRUE
597,243,Hu et al. 2024,Fungi,Ascomycota,Eurotiomycetes,Onygenales,Blastomyces,Blastomyces dermatitidis,NA,Fungi,GlcN,168,33.68,22.21,-32.949999999999996,100.31,TRUE
598,244,Hu et al. 2024,Fungi,Ascomycota,Eurotiomycetes,Onygenales,Blastomyces,Blastomyces dermatitidis,NA,Fungi,GlcN,106.4,33.68,22.21,-32.949999999999996,100.31,TRUE
599,245,Hu et al. 2024,Fungi,Ascomycota,Eurotiomycetes,Onygenales,Blastomyces,Blastomyces dermatitidis,NA,Fungi,GlcN,118.3,33.68,22.21,-32.949999999999996,100.31,TRUE
605,251,Hu et al. 2024,Fungi,Ascomycota,Eurotiomycetes,Onygenales,Blastomyces,Blastomyces dermatitidis,NA,Fungi,GlcN,107.1,33.68,22.21,-32.949999999999996,100.31,TRUE
663,298,Hu et al. 2024,Fungi,Basidiomycota,Agaricomycetes,Agaricales,Crinipellis,Crinipellis perniciosa,NA,Fungi,GlcN,215.65,33.68,22.21,-32.949999999999996,100.31,TRUE
672,307,Hu et al. 2024,Fungi,Ascomycota,Dothideomycetes,Pleosporales,Didymella,Didymella bryoniae,NA,Fungi,GlcN,121.45,33.68,22.21,-32.949999999999996,100.31,TRUE
673,308,Hu et al. 2024,Fungi,Ascomycota,Sordariomycetes,Microascales,Doratomyces,Doratomyces microsporus,NA,Fungi,GlcN,184,33.68,22.21,-32.949999999999996,100.31,TRUE
676,311,Hu et al. 2024,Fungi,Ascomycota,Eurotiomycetes,Onygenales,Epidermophyton,Epidermophyton floccosum,NA,Fungi,GlcN,103.95,33.68,22.21,-32.949999999999996,100.31,TRUE
691,320,Hu et al. 2024,Fungi,Ascomycota,Sordariomycetes,Hypocreales,Fusarium,Fusarium moniliforme,NA,Fungi,GlcN,113.5,33.68,22.21,-32.949999999999996,100.31,TRUE
703,332,Hu et al. 2024,Fungi,Ascomycota,Sordariomycetes,Hypocreales,Fusarium,Fusarium oxysporum,NA,Fungi,GlcN,196.8,33.68,22.21,-32.949999999999996,100.31,TRUE
708,337,Hu et al. 2024,Fungi,Ascomycota,Sordariomycetes,Hypocreales,Fusarium,Fusarium oxysporum,NA,Fungi,GlcN,144.8,33.68,22.21,-32.949999999999996,100.31,TRUE
734,361,Hu et al. 2024,Fungi,Basidiomycota,Agaricomycetes,Polyporales,Ganoderma,Ganoderma lucidum,NA,Fungi,GlcN,166,33.68,22.21,-32.949999999999996,100.31,TRUE
767,89,Appuhn and Joergensen 2006,Fungi,Basidiomycota,Agaricomycetes,Boletales,Gyrodon,Gyrodon lividus,NA,Fungi,GlcN,112,33.68,22.21,-32.949999999999996,100.31,TRUE
768,393,Hu et al. 2024,Fungi,Basidiomycota,Agaricomycetes,Boletales,Gyrodon,Gyrodon lividus,NA,Fungi,GlcN,112,33.68,22.21,-32.949999999999996,100.31,TRUE
769,394,Hu et al. 2024,Fungi,Basidiomycota,Agaricomycetes,Boletales,Gyrodon,Gyrodon lividus,NA,Fungi,GlcN,112,33.68,22.21,-32.949999999999996,100.31,TRUE
785,409,Hu et al. 2024,Fungi,Basidiomycota,Agaricomycetes,Agaricales,Hebeloma,Hebeloma cylindrosporum,NA,Fungi,GlcN,107.5,33.68,22.21,-32.949999999999996,100.31,TRUE
793,417,Hu et al. 2024,Fungi,Basidiomycota,Agaricomycetes,Agaricales,Hebeloma,Hebeloma cylindrosporum,NA,Fungi,GlcN,107,33.68,22.21,-32.949999999999996,100.31,TRUE
854,472,Hu et al. 2024,Fungi,Ascomycota,Eurotiomycetes,Onygenales,Histoplasma,Histoplasma capsulatum,NA,Fungi,GlcN,104.3,33.68,22.21,-32.949999999999996,100.31,TRUE
855,473,Hu et al. 2024,Fungi,Ascomycota,Eurotiomycetes,Onygenales,Histoplasma,Histoplasma capsulatum,NA,Fungi,GlcN,131.6,33.68,22.21,-32.949999999999996,100.31,TRUE
856,474,Hu et al. 2024,Fungi,Ascomycota,Eurotiomycetes,Onygenales,Histoplasma,Histoplasma capsulatum,NA,Fungi,GlcN,185.85,33.68,22.21,-32.949999999999996,100.31,TRUE
857,475,Hu et al. 2024,Fungi,Ascomycota,Eurotiomycetes,Onygenales,Histoplasma,Histoplasma capsulatum,NA,Fungi,GlcN,136.85,33.68,22.21,-32.949999999999996,100.31,TRUE
859,477,Hu et al. 2024,Fungi,Ascomycota,Eurotiomycetes,Onygenales,Histoplasma,Histoplasma capsulatum,NA,Fungi,GlcN,114.8,33.68,22.21,-32.949999999999996,100.31,TRUE
866,484,Hu et al. 2024,Fungi,Ascomycota,Eurotiomycetes,Onygenales,Histoplasma,Histoplasma capsulatum,NA,Fungi,GlcN,125.3,33.68,22.21,-32.949999999999996,100.31,TRUE
897,510,Hu et al. 2024,Fungi,Ascomycota,Eurotiomycetes,Onygenales,Microsporum,Microsporum gypseum,NA,Fungi,GlcN,109.2,33.68,22.21,-32.949999999999996,100.31,TRUE
920,529,Hu et al. 2024,Fungi,Mucoromycota,Mucoromycetes,Mucorales,Mucor,Mucor indicus,NA,Fungi,GlcN,113,33.68,22.21,-32.949999999999996,100.31,TRUE
1015,625,Hu et al. 2024,Fungi,Ascomycota,Eurotiomycetes,Onygenales,Paracoccidioides,Paracoccidioides brasiliensis,NA,Fungi,GlcN,130.2,33.68,22.21,-32.949999999999996,100.31,TRUE
1016,626,Hu et al. 2024,Fungi,Ascomycota,Eurotiomycetes,Onygenales,Paracoccidioides,Paracoccidioides brasiliensis,NA,Fungi,GlcN,151.9,33.68,22.21,-32.949999999999996,100.31,TRUE
1017,627,Hu et al. 2024,Fungi,Ascomycota,Eurotiomycetes,Onygenales,Paracoccidioides,Paracoccidioides brasiliensis,NA,Fungi,GlcN,140,33.68,22.21,-32.949999999999996,100.31,TRUE
1019,628,Hu et al. 2024,Fungi,Basidiomycota,Agaricomycetes,Boletales,Paxillus,Paxillus involutus,NA,Fungi,GlcN,109,33.68,22.21,-32.949999999999996,100.31,TRUE
1020,629,Hu et al. 2024,Fungi,Basidiomycota,Agaricomycetes,Boletales,Paxillus,Paxillus involutus,NA,Fungi,GlcN,106,33.68,22.21,-32.949999999999996,100.31,TRUE
1022,631,Hu et al. 2024,Fungi,Basidiomycota,Agaricomycetes,Boletales,Paxillus,Paxillus involutus,NA,Fungi,GlcN,106,33.68,22.21,-32.949999999999996,100.31,TRUE
1023,632,Hu et al. 2024,Fungi,Basidiomycota,Agaricomycetes,Boletales,Paxillus,Paxillus involutus,NA,Fungi,GlcN,109,33.68,22.21,-32.949999999999996,100.31,TRUE
1068,668,Hu et al. 2024,Fungi,Basidiomycota,Agaricomycetes,Boletales,Pisolithus,Pisolithus tinctorius,NA,Fungi,GlcN,106,33.68,22.21,-32.949999999999996,100.31,TRUE
1072,672,Hu et al. 2024,Fungi,Basidiomycota,Agaricomycetes,Boletales,Pisolithus,Pisolithus tinctorius,NA,Fungi,GlcN,106,33.68,22.21,-32.949999999999996,100.31,TRUE
1098,60,Salas et al. 2024,Fungi,Glomeromycota,Glomeromycetes,Glomerales,Rhizophagus,Rhizophagus irregularis,NA,Fungi,GlcN,139.14,33.68,22.21,-32.949999999999996,100.31,TRUE
1099,61,Salas et al. 2024,Fungi,Glomeromycota,Glomeromycetes,Glomerales,Rhizophagus,Rhizophagus irregularis,NA,Fungi,GlcN,124.38,33.68,22.21,-32.949999999999996,100.31,TRUE
1106,694,Hu et al. 2024,Fungi,Mucoromycota,Mucoromycetes,Mucorales,Rhizopus,Rhizopus sp.,NA,Fungi,GlcN,104,33.68,22.21,-32.949999999999996,100.31,TRUE
1107,695,Hu et al. 2024,Fungi,Mucoromycota,Mucoromycetes,Mucorales,Rhizopus,Rhizopus sp.,NA,Fungi,GlcN,104,33.68,22.21,-32.949999999999996,100.31,TRUE
1108,696,Hu et al. 2024,Fungi,Mucoromycota,Mucoromycetes,Mucorales,Rhizopus,Rhizopus stolonifer,NA,Fungi,GlcN,162.2,33.68,22.21,-32.949999999999996,100.31,TRUE
1109,697,Hu et al. 2024,Fungi,Mucoromycota,Mucoromycetes,Mucorales,Rhizopus,Rhizopus stolonifer,NA,Fungi,GlcN,165.3,33.68,22.21,-32.949999999999996,100.31,TRUE
1110,698,Hu et al. 2024,Fungi,Mucoromycota,Mucoromycetes,Mucorales,Rhizopus,Rhizopus stolonifer,NA,Fungi,GlcN,201,33.68,22.21,-32.949999999999996,100.31,TRUE
1190,775,Hu et al. 2024,Fungi,Ascomycota,Eurotiomycetes,Eurotiales,Talaromyces,Talaromyces emersonii,NA,Fungi,GlcN,105,33.68,22.21,-32.949999999999996,100.31,TRUE
1191,776,Hu et al. 2024,Fungi,Ascomycota,Eurotiomycetes,Eurotiales,Talaromyces,Talaromyces luteus,NA,Fungi,GlcN,102.2,33.68,22.21,-32.949999999999996,100.31,TRUE
1219,797,Hu et al. 2024,Fungi,Ascomycota,Sordariomycetes,Hypocreales,Trichoderma,Trichoderma viride,NA,Fungi,GlcN,135,33.68,22.21,-32.949999999999996,100.31,TRUE
1222,799,Hu et al. 2024,Fungi,Ascomycota,Eurotiomycetes,Onygenales,Trichophyton,Trichophyton mentagrophytes,NA,Fungi,GlcN,106.4,33.68,22.21,-32.949999999999996,100.31,TRUE
1226,802,Hu et al. 2024,Fungi,Ascomycota,Dothideomycetes,Pleosporales,Ulocladium,Ulocladium alternariae,NA,Fungi,GlcN,106,33.68,22.21,-32.949999999999996,100.31,TRUE
1235,808,Hu et al. 2024,Fungi,Mucoromycota,Mucoromycetes,Mucorales,Zygorhynchus,Zygorhynchus vuilleminii,NA,Fungi,GlcN,110.25,33.68,22.21,-32.949999999999996,100.31,TRUE
